step,train/ep_return,train/ep_length,train/ep_deliveries,train/ep_return_mean,train/ep_length_mean,train/n_episodes,train/epsilon,hrl/q_table_size,time/elapsed_s,time/sps,time/update,eval/ep_return_mean,eval/ep_length_mean,eval/ep_deliveries_mean
500,0.0,500.0,0.0,0.0,500.0,1.0,0.49775,6.0,0.04934191703796387,10133.371989079751,1.0,,,
1000,1.0,500.0,1.0,1.0,500.0,1.0,0.4955,12.0,0.10640573501586914,9397.989684022783,2.0,,,
1500,0.0,500.0,0.0,0.0,500.0,1.0,0.49325,14.0,0.15784502029418945,9502.992221131335,3.0,,,
2000,0.0,500.0,0.0,0.0,500.0,1.0,0.491,15.0,0.20839190483093262,9597.301783975681,4.0,,,
2500,0.0,500.0,0.0,0.0,500.0,1.0,0.48875,17.0,0.2608177661895752,9585.236606094068,5.0,,,
3000,0.0,500.0,0.0,0.0,500.0,1.0,0.4865,21.0,0.3112339973449707,9639.049800445837,6.0,,,
3500,0.0,500.0,0.0,0.0,500.0,1.0,0.48425,21.0,0.3645188808441162,9601.697426193814,7.0,,,
4000,0.0,500.0,0.0,0.0,500.0,1.0,0.482,23.0,0.4144420623779297,9651.530004095965,8.0,,,
4500,0.0,500.0,0.0,0.0,500.0,1.0,0.47975,25.0,0.4656839370727539,9663.206397640819,9.0,,,
5000,1.0,500.0,1.0,1.0,500.0,1.0,0.4775,29.0,0.5224349498748779,9570.569505729833,10.0,,,
5500,0.0,500.0,0.0,0.0,500.0,1.0,0.47525,29.0,0.5733728408813477,9592.362260385047,11.0,,,
6000,0.0,500.0,0.0,0.0,500.0,1.0,0.473,30.0,0.6263418197631836,9579.433802246458,12.0,,,
6500,0.0,500.0,0.0,0.0,500.0,1.0,0.47075,30.0,0.677685022354126,9591.476549711038,13.0,,,
7000,0.0,500.0,0.0,0.0,500.0,1.0,0.46849999999999997,30.0,0.7286028861999512,9607.42831600448,14.0,,,
7500,0.0,500.0,0.0,0.0,500.0,1.0,0.46625,31.0,0.7806310653686523,9607.611498855906,15.0,,,
8000,0.0,500.0,0.0,0.0,500.0,1.0,0.46399999999999997,31.0,0.8317728042602539,9618.011022991892,16.0,,,
8500,0.0,500.0,0.0,0.0,500.0,1.0,0.46175,31.0,0.8857860565185547,9595.996615038102,17.0,,,
9000,0.0,500.0,0.0,0.0,500.0,1.0,0.4595,31.0,0.9370718002319336,9604.386769266155,18.0,,,
9500,0.0,500.0,0.0,0.0,500.0,1.0,0.45725,32.0,0.9911737442016602,9584.596096874786,19.0,,,
10000,0.0,500.0,0.0,0.0,500.0,1.0,0.455,32.0,1.0426208972930908,9591.213859191337,20.0,,,
10500,0.0,500.0,0.0,0.0,500.0,1.0,0.45275,32.0,1.0953960418701172,9585.574165553724,21.0,,,
11000,0.0,500.0,0.0,0.0,500.0,1.0,0.4505,33.0,1.1470320224761963,9589.967659536966,22.0,,,
11500,0.0,500.0,0.0,0.0,500.0,1.0,0.44825,33.0,1.1980679035186768,9598.788154014448,23.0,,,
12000,0.0,500.0,0.0,0.0,500.0,1.0,0.446,33.0,1.2497549057006836,9601.88269336868,24.0,,,
12500,0.0,500.0,0.0,0.0,500.0,1.0,0.44375,33.0,1.3023450374603271,9598.070895540832,25.0,,,
13000,0.0,500.0,0.0,0.0,500.0,1.0,0.4415,33.0,1.3540427684783936,9600.878423219052,26.0,,,
13500,0.0,500.0,0.0,0.0,500.0,1.0,0.43925,34.0,1.4038729667663574,9616.254689407924,27.0,,,
14000,0.0,500.0,0.0,0.0,500.0,1.0,0.437,34.0,1.455711841583252,9617.287982471455,28.0,,,
14500,0.0,500.0,0.0,0.0,500.0,1.0,0.43474999999999997,34.0,1.5075011253356934,9618.566617501603,29.0,,,
15000,0.0,500.0,0.0,0.0,500.0,1.0,0.4325,34.0,1.558967113494873,9621.755244325319,30.0,,,
15500,0.0,500.0,0.0,0.0,500.0,1.0,0.43025,34.0,1.6127738952636719,9610.770639033632,31.0,,,
16000,0.0,500.0,0.0,0.0,500.0,1.0,0.428,34.0,1.6656439304351807,9605.894577852363,32.0,,,
16500,1.0,500.0,1.0,1.0,500.0,1.0,0.42574999999999996,37.0,1.7234821319580078,9573.641463433529,33.0,,,
17000,0.0,500.0,0.0,0.0,500.0,1.0,0.4235,37.0,1.7784919738769531,9558.659948822555,34.0,,,
17500,0.0,500.0,0.0,0.0,500.0,1.0,0.42125,37.0,1.8314979076385498,9555.020470956315,35.0,,,
18000,0.0,500.0,0.0,0.0,500.0,1.0,0.419,37.0,1.883991003036499,9554.185753004513,36.0,,,
18500,0.0,500.0,0.0,0.0,500.0,1.0,0.41675,37.0,1.9382779598236084,9544.554694149016,37.0,,,
19000,0.0,500.0,0.0,0.0,500.0,1.0,0.4145,37.0,1.989954948425293,9547.954849447839,38.0,,,
19500,0.0,500.0,0.0,0.0,500.0,1.0,0.41225,37.0,2.041937828063965,9549.752069821174,39.0,,,
20000,0.0,500.0,0.0,0.0,500.0,1.0,0.41,37.0,2.090303897857666,9567.986750872838,40.0,,,
20500,0.0,500.0,0.0,0.0,500.0,1.0,0.40775,37.0,2.1441149711608887,9561.054456375854,41.0,,,
21000,0.0,500.0,0.0,0.0,500.0,1.0,0.40549999999999997,38.0,2.195974826812744,9562.951152076535,42.0,,,
21500,0.0,500.0,0.0,0.0,500.0,1.0,0.40325,39.0,2.246696949005127,9569.603951044906,43.0,,,
22000,0.0,500.0,0.0,0.0,500.0,1.0,0.401,39.0,2.300679922103882,9562.39057360133,44.0,,,
22500,1.0,500.0,1.0,1.0,500.0,1.0,0.39875,42.0,2.358069896697998,9541.701894208783,45.0,,,
23000,1.0,500.0,1.0,1.0,500.0,1.0,0.39649999999999996,43.0,2.415022134780884,9523.722233745408,46.0,,,
23500,0.0,500.0,0.0,0.0,500.0,1.0,0.39425,43.0,2.4692249298095703,9517.156463268151,47.0,,,
24000,0.0,500.0,0.0,0.0,500.0,1.0,0.392,43.0,2.523832082748413,9509.34896344783,48.0,,,
24500,0.0,500.0,0.0,0.0,500.0,1.0,0.38975,43.0,2.5789499282836914,9499.990570311273,49.0,,,
25000,0.0,500.0,0.0,0.0,500.0,1.0,0.3875,43.0,2.632229804992676,9497.650984948696,50.0,0.3,500.0,0.3
25500,0.0,500.0,0.0,0.0,500.0,1.0,0.36275,48.0,3.2355079650878906,7881.297241469566,51.0,,,
26000,0.0,500.0,0.0,0.0,500.0,1.0,0.3605,48.0,3.284080743789673,7916.979522859489,52.0,,,
26500,0.0,500.0,0.0,0.0,500.0,1.0,0.35824999999999996,48.0,3.336884021759033,7941.540619092469,53.0,,,
27000,0.0,500.0,0.0,0.0,500.0,1.0,0.356,48.0,3.3910179138183594,7962.210960306434,54.0,,,
27500,0.0,500.0,0.0,0.0,500.0,1.0,0.35375,49.0,3.4431087970733643,7986.968063098949,55.0,,,
28000,0.0,500.0,0.0,0.0,500.0,1.0,0.3515,50.0,3.493967056274414,8013.813395784032,56.0,,,
28500,0.0,500.0,0.0,0.0,500.0,1.0,0.34924999999999995,50.0,3.5449421405792236,8039.623460636584,57.0,,,
29000,1.0,500.0,1.0,1.0,500.0,1.0,0.347,50.0,3.602653980255127,8049.621240046574,58.0,,,
29500,0.0,500.0,0.0,0.0,500.0,1.0,0.34475,50.0,3.6541218757629395,8073.075010351354,59.0,,,
30000,0.0,500.0,0.0,0.0,500.0,1.0,0.3425,51.0,3.7031009197235107,8101.3185031532785,60.0,,,
30500,0.0,500.0,0.0,0.0,500.0,1.0,0.34025,51.0,3.7550578117370605,8122.378277284348,61.0,,,
31000,0.0,500.0,0.0,0.0,500.0,1.0,0.33799999999999997,51.0,3.80696702003479,8142.965210062866,62.0,,,
31500,0.0,500.0,0.0,0.0,500.0,1.0,0.33575,51.0,3.8613040447235107,8157.865745652662,63.0,,,
32000,0.0,500.0,0.0,0.0,500.0,1.0,0.3335,51.0,3.9133408069610596,8177.1564447129995,64.0,,,
32500,0.0,500.0,0.0,0.0,500.0,1.0,0.33125,51.0,3.964817762374878,8197.098062971976,65.0,,,
33000,1.0,500.0,1.0,1.0,500.0,1.0,0.32899999999999996,51.0,4.023460865020752,8201.894117299882,66.0,,,
33500,0.0,500.0,0.0,0.0,500.0,1.0,0.32675,51.0,4.075620889663696,8219.606510743026,67.0,,,
34000,1.0,500.0,1.0,1.0,500.0,1.0,0.3245,51.0,4.133572101593018,8225.331302893423,68.0,,,
34500,0.0,500.0,0.0,0.0,500.0,1.0,0.32225,52.0,4.185957908630371,8241.841115714482,69.0,,,
35000,0.0,500.0,0.0,0.0,500.0,1.0,0.31999999999999995,52.0,4.237504959106445,8259.577354543175,70.0,,,
35500,0.0,500.0,0.0,0.0,500.0,1.0,0.31775,52.0,4.290358066558838,8274.367651666296,71.0,,,
36000,0.0,500.0,0.0,0.0,500.0,1.0,0.3155,52.0,4.3431408405303955,8288.93220870166,72.0,,,
36500,0.0,500.0,0.0,0.0,500.0,1.0,0.31325000000000003,52.0,4.3968141078948975,8301.465357487092,73.0,,,
37000,0.0,500.0,0.0,0.0,500.0,1.0,0.311,52.0,4.449991941452026,8314.621798601944,74.0,,,
37500,1.0,500.0,1.0,1.0,500.0,1.0,0.30874999999999997,53.0,4.510471820831299,8313.986094937756,75.0,,,
38000,0.0,500.0,0.0,0.0,500.0,1.0,0.3065,53.0,4.564136981964111,8325.779911988366,76.0,,,
38500,0.0,500.0,0.0,0.0,500.0,1.0,0.30425,53.0,4.618814945220947,8335.471426460948,77.0,,,
39000,0.0,500.0,0.0,0.0,500.0,1.0,0.302,53.0,4.67253303527832,8346.650458229871,78.0,,,
39500,0.0,500.0,0.0,0.0,500.0,1.0,0.29974999999999996,53.0,4.727113962173462,8356.049868076048,79.0,,,
40000,2.0,500.0,2.0,2.0,500.0,1.0,0.2975,55.0,4.790827989578247,8349.287448226947,80.0,,,
40500,0.0,500.0,0.0,0.0,500.0,1.0,0.29525,55.0,4.8456220626831055,8358.060012954134,81.0,,,
41000,0.0,500.0,0.0,0.0,500.0,1.0,0.293,56.0,4.896484851837158,8373.353791672984,82.0,,,
41500,0.0,500.0,0.0,0.0,500.0,1.0,0.29074999999999995,56.0,4.94861102104187,8386.191564368031,83.0,,,
42000,0.0,500.0,0.0,0.0,500.0,1.0,0.2885,56.0,4.9999940395355225,8400.01001359226,84.0,,,
42500,0.0,500.0,0.0,0.0,500.0,1.0,0.28625,56.0,5.052336931228638,8411.948881973072,85.0,,,
43000,0.0,500.0,0.0,0.0,500.0,1.0,0.28400000000000003,56.0,5.103847980499268,8425.015824196564,86.0,,,
43500,0.0,500.0,0.0,0.0,500.0,1.0,0.28175,56.0,5.151280879974365,8444.501671245787,87.0,,,
44000,0.0,500.0,0.0,0.0,500.0,1.0,0.27949999999999997,56.0,5.1991260051727295,8462.960881544974,88.0,,,
44500,0.0,500.0,0.0,0.0,500.0,1.0,0.27725,56.0,5.252650022506714,8471.914140352974,89.0,,,
45000,1.0,500.0,1.0,1.0,500.0,1.0,0.275,56.0,5.315539836883545,8465.74409766499,90.0,,,
45500,2.0,500.0,2.0,2.0,500.0,1.0,0.27275,57.0,5.377111911773682,8461.791524251812,91.0,,,
46000,0.0,500.0,0.0,0.0,500.0,1.0,0.27049999999999996,57.0,5.431682109832764,8468.831398790438,92.0,,,
46500,0.0,500.0,0.0,0.0,500.0,1.0,0.26825,57.0,5.484314918518066,8478.72536330662,93.0,,,
47000,1.0,500.0,1.0,1.0,500.0,1.0,0.266,57.0,5.5427539348602295,8479.539332316615,94.0,,,
47500,0.0,500.0,0.0,0.0,500.0,1.0,0.26375,57.0,5.597668170928955,8485.676276183622,95.0,,,
48000,0.0,500.0,0.0,0.0,500.0,1.0,0.26149999999999995,57.0,5.651618003845215,8493.14301981168,96.0,,,
48500,1.0,500.0,1.0,1.0,500.0,1.0,0.25925,57.0,5.709918975830078,8493.99093144738,97.0,,,
49000,0.0,500.0,0.0,0.0,500.0,1.0,0.257,57.0,5.762480974197388,8503.28187102168,98.0,,,
49500,0.0,500.0,0.0,0.0,500.0,1.0,0.25475,57.0,5.814590930938721,8513.066626341091,99.0,,,
50000,0.0,500.0,0.0,0.0,500.0,1.0,0.25249999999999995,57.0,5.868071794509888,8520.686479463242,100.0,0.0,500.0,0.0
50500,0.0,500.0,0.0,0.0,500.0,1.0,0.22775,57.0,6.441279888153076,7840.056770841546,101.0,,,
51000,0.0,500.0,0.0,0.0,500.0,1.0,0.22549999999999998,57.0,6.49683403968811,7849.977341032452,102.0,,,
51500,0.0,500.0,0.0,0.0,500.0,1.0,0.22325,58.0,6.549606800079346,7863.0674438923725,103.0,,,
52000,0.0,500.0,0.0,0.0,500.0,1.0,0.22099999999999997,58.0,6.606101989746094,7871.510321928685,104.0,,,
52500,0.0,500.0,0.0,0.0,500.0,1.0,0.21875,58.0,6.659235954284668,7883.787323412169,105.0,,,
53000,0.0,500.0,0.0,0.0,500.0,1.0,0.21649999999999997,58.0,6.715185880661011,7892.558886960093,106.0,,,
53500,0.0,500.0,0.0,0.0,500.0,1.0,0.21425,58.0,6.7713868618011475,7900.892548586321,107.0,,,
54000,0.0,500.0,0.0,0.0,500.0,1.0,0.21199999999999997,58.0,6.824607849121094,7912.542550991319,108.0,,,
54500,0.0,500.0,0.0,0.0,500.0,1.0,0.20975,58.0,6.877572059631348,7924.308102839611,109.0,,,
55000,0.0,500.0,0.0,0.0,500.0,1.0,0.20749999999999996,58.0,6.93035888671875,7936.096946638837,110.0,,,
55500,0.0,500.0,0.0,0.0,500.0,1.0,0.20525,58.0,6.982578992843628,7948.352615399177,111.0,,,
56000,1.0,500.0,1.0,1.0,500.0,1.0,0.20299999999999996,58.0,7.041399002075195,7952.965026338664,112.0,,,
56500,0.0,500.0,0.0,0.0,500.0,1.0,0.20074999999999998,58.0,7.095698833465576,7962.570188792118,113.0,,,
57000,0.0,500.0,0.0,0.0,500.0,1.0,0.19849999999999995,58.0,7.147479057312012,7974.839736212711,114.0,,,
57500,0.0,500.0,0.0,0.0,500.0,1.0,0.19624999999999998,58.0,7.200145959854126,7985.949218335699,115.0,,,
58000,0.0,500.0,0.0,0.0,500.0,1.0,0.19399999999999995,58.0,7.251744031906128,7998.076013826793,116.0,,,
58500,0.0,500.0,0.0,0.0,500.0,1.0,0.19174999999999998,58.0,7.303175926208496,8010.213719494877,117.0,,,
59000,0.0,500.0,0.0,0.0,500.0,1.0,0.1895,58.0,7.354877948760986,8021.8870266826425,118.0,,,
59500,1.0,500.0,1.0,1.0,500.0,1.0,0.18725000000000003,58.0,7.412134885787964,8027.376851180268,119.0,,,
60000,0.0,500.0,0.0,0.0,500.0,1.0,0.185,58.0,7.464411973953247,8038.141545424809,120.0,,,
60500,0.0,500.0,0.0,0.0,500.0,1.0,0.18275000000000002,58.0,7.517553806304932,8047.830658592557,121.0,,,
61000,0.0,500.0,0.0,0.0,500.0,1.0,0.1805,58.0,7.572383880615234,8055.5873766721825,122.0,,,
61500,0.0,500.0,0.0,0.0,500.0,1.0,0.17825000000000002,58.0,7.627976894378662,8062.426099549622,123.0,,,
62000,1.0,500.0,1.0,1.0,500.0,1.0,0.176,58.0,7.685732126235962,8066.895772799215,124.0,,,
62500,0.0,500.0,0.0,0.0,500.0,1.0,0.17375000000000002,58.0,7.739792823791504,8075.151547710683,125.0,,,
63000,0.0,500.0,0.0,0.0,500.0,1.0,0.17149999999999999,58.0,7.792932033538818,8084.2486151379035,126.0,,,
63500,0.0,500.0,0.0,0.0,500.0,1.0,0.16925,58.0,7.846508979797363,8092.770958842373,127.0,,,
64000,0.0,500.0,0.0,0.0,500.0,1.0,0.16699999999999998,58.0,7.900998830795288,8100.241674577995,128.0,,,
64500,0.0,500.0,0.0,0.0,500.0,1.0,0.16475,58.0,7.955720901489258,8107.373398170118,129.0,,,
65000,0.0,500.0,0.0,0.0,500.0,1.0,0.16249999999999998,58.0,8.008965015411377,8115.905098214654,130.0,,,
65500,0.0,500.0,0.0,0.0,500.0,1.0,0.16025,58.0,8.062717914581299,8123.811436035022,131.0,,,
66000,0.0,500.0,0.0,0.0,500.0,1.0,0.15799999999999997,58.0,8.115930080413818,8132.154829583594,132.0,,,
66500,0.0,500.0,0.0,0.0,500.0,1.0,0.15575,58.0,8.16737985610962,8142.146094779048,133.0,,,
67000,0.0,500.0,0.0,0.0,500.0,1.0,0.15349999999999997,58.0,8.219644784927368,8151.203823656722,134.0,,,
67500,0.0,500.0,0.0,0.0,500.0,1.0,0.15125,58.0,8.27209997177124,8159.9594093816,135.0,,,
68000,0.0,500.0,0.0,0.0,500.0,1.0,0.14899999999999997,58.0,8.3262357711792,8166.9558572168,136.0,,,
68500,0.0,500.0,0.0,0.0,500.0,1.0,0.14675,58.0,8.379206895828247,8174.998045949203,137.0,,,
69000,1.0,500.0,1.0,1.0,500.0,1.0,0.14449999999999996,58.0,8.437342882156372,8177.930062072497,138.0,,,
69500,0.0,500.0,0.0,0.0,500.0,1.0,0.14225,58.0,8.491428852081299,8184.723821005124,139.0,,,
70000,1.0,500.0,1.0,1.0,500.0,1.0,0.13999999999999996,58.0,8.550126075744629,8187.013779665665,140.0,,,
70500,0.0,500.0,0.0,0.0,500.0,1.0,0.13774999999999998,58.0,8.60499095916748,8192.919706079594,141.0,,,
71000,1.0,500.0,1.0,1.0,500.0,1.0,0.13549999999999995,58.0,8.66384482383728,8194.97595393838,142.0,,,
71500,0.0,500.0,0.0,0.0,500.0,1.0,0.13325000000000004,58.0,8.716332912445068,8202.990950232434,143.0,,,
72000,0.0,500.0,0.0,0.0,500.0,1.0,0.131,58.0,8.76671576499939,8212.881759832557,144.0,,,
72500,0.0,500.0,0.0,0.0,500.0,1.0,0.12875000000000003,58.0,8.819618940353394,8220.30979913232,145.0,,,
73000,0.0,500.0,0.0,0.0,500.0,1.0,0.1265,58.0,8.897222757339478,8204.807499034572,146.0,,,
73500,0.0,500.0,0.0,0.0,500.0,1.0,0.12425000000000003,58.0,8.952116966247559,8210.348488197742,147.0,,,
74000,0.0,500.0,0.0,0.0,500.0,1.0,0.122,58.0,9.003205060958862,8219.295184210636,148.0,,,
74500,0.0,500.0,0.0,0.0,500.0,1.0,0.11975000000000002,58.0,9.056456804275513,8226.175159895742,149.0,,,
75000,0.0,500.0,0.0,0.0,500.0,1.0,0.1175,58.0,9.112650871276855,8230.316409509396,150.0,0.1,500.0,0.1
75500,0.0,500.0,0.0,0.0,500.0,1.0,0.09275,58.0,9.69204592704773,7789.8929254246605,151.0,,,
76000,0.0,500.0,0.0,0.0,500.0,1.0,0.09049999999999997,58.0,9.747174978256226,7797.130980980546,152.0,,,
76500,0.0,500.0,0.0,0.0,500.0,1.0,0.08825,58.0,9.800666809082031,7805.59134293897,153.0,,,
77000,0.0,500.0,0.0,0.0,500.0,1.0,0.08599999999999997,58.0,9.854077816009521,7814.023943965737,154.0,,,
77500,0.0,500.0,0.0,0.0,500.0,1.0,0.08374999999999999,58.0,9.90690302848816,7822.828161045084,155.0,,,
78000,0.0,500.0,0.0,0.0,500.0,1.0,0.08149999999999996,58.0,9.95875883102417,7832.301326246535,156.0,,,
78500,0.0,500.0,0.0,0.0,500.0,1.0,0.07924999999999999,58.0,10.010554790496826,7841.723225422157,157.0,,,
79000,0.0,500.0,0.0,0.0,500.0,1.0,0.07700000000000001,58.0,10.064105033874512,7849.679602318928,158.0,,,
79500,0.0,500.0,0.0,0.0,500.0,1.0,0.07475000000000004,58.0,10.117183923721313,7857.917835574765,159.0,,,
80000,0.0,500.0,0.0,0.0,500.0,1.0,0.07250000000000001,58.0,10.168889999389648,7867.132007997108,160.0,,,
80500,0.0,500.0,0.0,0.0,500.0,1.0,0.07025000000000003,58.0,10.222001791000366,7875.1698195625095,161.0,,,
81000,0.0,500.0,0.0,0.0,500.0,1.0,0.068,58.0,10.274608850479126,7883.511788988717,162.0,,,
81500,0.0,500.0,0.0,0.0,500.0,1.0,0.06575000000000003,58.0,10.32967495918274,7889.890080960311,163.0,,,
82000,0.0,500.0,0.0,0.0,500.0,1.0,0.0635,58.0,10.382091999053955,7898.215504878214,164.0,,,
82500,0.0,500.0,0.0,0.0,500.0,1.0,0.06125000000000003,58.0,10.437727928161621,7904.01901331515,165.0,,,
83000,0.0,500.0,0.0,0.0,500.0,1.0,0.059,58.0,10.491966962814331,7910.81408225635,166.0,,,
83500,0.0,500.0,0.0,0.0,500.0,1.0,0.05675000000000002,58.0,10.545599937438965,7917.99428153523,167.0,,,
84000,0.0,500.0,0.0,0.0,500.0,1.0,0.05449999999999999,58.0,10.599581956863403,7924.840842011568,168.0,,,
84500,0.0,500.0,0.0,0.0,500.0,1.0,0.05225000000000002,58.0,10.652262926101685,7932.586773928207,169.0,,,
85000,0.0,500.0,0.0,0.0,500.0,1.0,0.04999999999999999,58.0,10.707866907119751,7938.088952476874,170.0,,,
85500,0.0,500.0,0.0,0.0,500.0,1.0,0.04999999999999999,58.0,10.761892795562744,7944.699099330618,171.0,,,
86000,0.0,500.0,0.0,0.0,500.0,1.0,0.04999999999999999,58.0,10.818493843078613,7949.3505516963005,172.0,,,
86500,1.0,500.0,1.0,1.0,500.0,1.0,0.04999999999999999,58.0,10.8787100315094,7951.310380500903,173.0,,,
87000,1.0,500.0,1.0,1.0,500.0,1.0,0.04999999999999999,58.0,10.937987089157104,7953.931494967996,174.0,,,
87500,0.0,500.0,0.0,0.0,500.0,1.0,0.04999999999999999,58.0,10.991905927658081,7960.402916097611,175.0,,,
88000,0.0,500.0,0.0,0.0,500.0,1.0,0.04999999999999999,58.0,11.048151016235352,7965.133701619688,176.0,,,
88500,0.0,500.0,0.0,0.0,500.0,1.0,0.04999999999999999,58.0,11.103424072265625,7970.514268752216,177.0,,,
89000,0.0,500.0,0.0,0.0,500.0,1.0,0.04999999999999999,58.0,11.157061100006104,7977.011078656844,178.0,,,
89500,0.0,500.0,0.0,0.0,500.0,1.0,0.04999999999999999,58.0,11.211919784545898,7982.575840701566,179.0,,,
90000,0.0,500.0,0.0,0.0,500.0,1.0,0.04999999999999999,58.0,11.266093015670776,7988.572424780522,180.0,,,
90500,0.0,500.0,0.0,0.0,500.0,1.0,0.04999999999999999,58.0,11.318843841552734,7995.51626180798,181.0,,,
91000,0.0,500.0,0.0,0.0,500.0,1.0,0.04999999999999999,58.0,11.371701955795288,8002.320176323672,182.0,,,
91500,0.0,500.0,0.0,0.0,500.0,1.0,0.04999999999999999,58.0,11.424424886703491,8009.155901273753,183.0,,,
92000,0.0,500.0,0.0,0.0,500.0,1.0,0.04999999999999999,58.0,11.476931095123291,8016.080190556523,184.0,,,
92500,0.0,500.0,0.0,0.0,500.0,1.0,0.04999999999999999,58.0,11.528759956359863,8023.412782479888,185.0,,,
93000,0.0,500.0,0.0,0.0,500.0,1.0,0.04999999999999999,58.0,11.582372903823853,8029.44273787771,186.0,,,
93500,0.0,500.0,0.0,0.0,500.0,1.0,0.04999999999999999,58.0,11.633316040039062,8037.261231294293,187.0,,,
94000,0.0,500.0,0.0,0.0,500.0,1.0,0.04999999999999999,58.0,11.686004877090454,8043.8097526623515,188.0,,,
94500,0.0,500.0,0.0,0.0,500.0,1.0,0.04999999999999999,58.0,11.739213943481445,8049.942735090367,189.0,,,
95000,0.0,500.0,0.0,0.0,500.0,1.0,0.04999999999999999,58.0,11.79255199432373,8055.932256709798,190.0,,,
95500,0.0,500.0,0.0,0.0,500.0,1.0,0.04999999999999999,58.0,11.84566593170166,8062.020366826366,191.0,,,
96000,0.0,500.0,0.0,0.0,500.0,1.0,0.04999999999999999,58.0,11.898334980010986,8068.355796107478,192.0,,,
96500,0.0,500.0,0.0,0.0,500.0,1.0,0.04999999999999999,58.0,11.951947927474976,8073.997693561491,193.0,,,
97000,0.0,500.0,0.0,0.0,500.0,1.0,0.04999999999999999,58.0,12.004114866256714,8080.56246384852,194.0,,,
97500,0.0,500.0,0.0,0.0,500.0,1.0,0.04999999999999999,58.0,12.056504011154175,8086.921375366945,195.0,,,
98000,0.0,500.0,0.0,0.0,500.0,1.0,0.04999999999999999,58.0,12.111722946166992,8091.334357265342,196.0,,,
98500,0.0,500.0,0.0,0.0,500.0,1.0,0.04999999999999999,58.0,12.165251016616821,8096.832516275775,197.0,,,
99000,0.0,500.0,0.0,0.0,500.0,1.0,0.04999999999999999,58.0,12.217993021011353,8102.80377716284,198.0,,,
99500,0.0,500.0,0.0,0.0,500.0,1.0,0.04999999999999999,58.0,12.271087884902954,8108.490537535327,199.0,,,
100000,0.0,500.0,0.0,0.0,500.0,1.0,0.04999999999999999,58.0,12.323819875717163,8114.367217995441,200.0,0.0,500.0,0.0
100500,0.0,500.0,0.0,0.0,500.0,1.0,0.04999999999999999,58.0,12.915742874145508,7781.201668328271,201.0,,,
101000,0.0,500.0,0.0,0.0,500.0,1.0,0.04999999999999999,58.0,12.971914052963257,7786.052203832473,202.0,,,
101500,0.0,500.0,0.0,0.0,500.0,1.0,0.04999999999999999,58.0,13.019957065582275,7795.724631712581,203.0,,,
102000,0.0,500.0,0.0,0.0,500.0,1.0,0.04999999999999999,58.0,13.074538946151733,7801.422323195722,204.0,,,
102500,0.0,500.0,0.0,0.0,500.0,1.0,0.04999999999999999,58.0,13.129930019378662,7806.591493535662,205.0,,,
103000,0.0,500.0,0.0,0.0,500.0,1.0,0.04999999999999999,58.0,13.184494972229004,7812.206703173141,206.0,,,
103500,0.0,500.0,0.0,0.0,500.0,1.0,0.04999999999999999,58.0,13.237896919250488,7818.462451500946,207.0,,,
104000,0.0,500.0,0.0,0.0,500.0,1.0,0.04999999999999999,58.0,13.292633056640625,7823.882563887109,208.0,,,
104500,0.0,500.0,0.0,0.0,500.0,1.0,0.04999999999999999,58.0,13.346986055374146,7829.482968398189,209.0,,,
105000,0.0,500.0,0.0,0.0,500.0,1.0,0.04999999999999999,58.0,13.403518915176392,7833.763705224584,210.0,,,
105500,0.0,500.0,0.0,0.0,500.0,1.0,0.04999999999999999,58.0,13.459841012954712,7838.1312155514515,211.0,,,
106000,0.0,500.0,0.0,0.0,500.0,1.0,0.04999999999999999,58.0,13.508579015731812,7846.865305118666,212.0,,,
106500,1.0,500.0,1.0,1.0,500.0,1.0,0.04999999999999999,58.0,13.569818019866943,7848.299796215268,213.0,,,
107000,0.0,500.0,0.0,0.0,500.0,1.0,0.04999999999999999,58.0,13.623203039169312,7854.2468824955895,214.0,,,
107500,0.0,500.0,0.0,0.0,500.0,1.0,0.04999999999999999,58.0,13.677634954452515,7859.545919889115,215.0,,,
108000,0.0,500.0,0.0,0.0,500.0,1.0,0.04999999999999999,58.0,13.731868982315063,7864.916286274691,216.0,,,
108500,0.0,500.0,0.0,0.0,500.0,1.0,0.04999999999999999,58.0,13.785675048828125,7870.4887222206235,217.0,,,
109000,0.0,500.0,0.0,0.0,500.0,1.0,0.04999999999999999,58.0,13.838836908340454,7876.384462216429,218.0,,,
109500,0.0,500.0,0.0,0.0,500.0,1.0,0.04999999999999999,58.0,13.887707948684692,7884.670415348904,219.0,,,
110000,0.0,500.0,0.0,0.0,500.0,1.0,0.04999999999999999,58.0,13.940984010696411,7890.404286784992,220.0,,,
110500,0.0,500.0,0.0,0.0,500.0,1.0,0.04999999999999999,58.0,13.989739894866943,7898.645781151671,221.0,,,
111000,0.0,500.0,0.0,0.0,500.0,1.0,0.04999999999999999,58.0,14.042824983596802,7904.392465879004,222.0,,,
111500,0.0,500.0,0.0,0.0,500.0,1.0,0.04999999999999999,58.0,14.095738887786865,7910.191930173184,223.0,,,
112000,0.0,500.0,0.0,0.0,500.0,1.0,0.04999999999999999,58.0,14.148545026779175,7916.008309548143,224.0,,,
112500,0.0,500.0,0.0,0.0,500.0,1.0,0.04999999999999999,58.0,14.201229095458984,7921.849527515421,225.0,,,
113000,1.0,500.0,1.0,1.0,500.0,1.0,0.04999999999999999,59.0,14.261643886566162,7923.350274258426,226.0,,,
113500,0.0,500.0,0.0,0.0,500.0,1.0,0.04999999999999999,59.0,14.310925960540771,7931.003228788359,227.0,,,
114000,0.0,500.0,0.0,0.0,500.0,1.0,0.04999999999999999,59.0,14.364428043365479,7936.271437737708,228.0,,,
114500,0.0,500.0,0.0,0.0,500.0,1.0,0.04999999999999999,59.0,14.420063972473145,7940.325384032428,229.0,,,
115000,1.0,500.0,1.0,1.0,500.0,1.0,0.04999999999999999,59.0,14.478761911392212,7942.668075059335,230.0,,,
115500,0.0,500.0,0.0,0.0,500.0,1.0,0.04999999999999999,59.0,14.532150983810425,7947.894301997896,231.0,,,
116000,0.0,500.0,0.0,0.0,500.0,1.0,0.04999999999999999,59.0,14.58551812171936,7953.0942289437,232.0,,,
116500,0.0,500.0,0.0,0.0,500.0,1.0,0.04999999999999999,59.0,14.636839866638184,7959.368351466288,233.0,,,
117000,0.0,500.0,0.0,0.0,500.0,1.0,0.04999999999999999,59.0,14.689779996871948,7964.721052657975,234.0,,,
117500,0.0,500.0,0.0,0.0,500.0,1.0,0.04999999999999999,59.0,14.743039846420288,7969.8624723265475,235.0,,,
118000,1.0,500.0,1.0,1.0,500.0,1.0,0.04999999999999999,59.0,14.80203890800476,7971.874735188478,236.0,,,
118500,0.0,500.0,0.0,0.0,500.0,1.0,0.04999999999999999,59.0,14.854630947113037,7977.31026922821,237.0,,,
119000,0.0,500.0,0.0,0.0,500.0,1.0,0.04999999999999999,59.0,14.907212972640991,7982.712812810759,238.0,,,
119500,0.0,500.0,0.0,0.0,500.0,1.0,0.04999999999999999,59.0,14.96073293685913,7987.57657825606,239.0,,,
120000,0.0,500.0,0.0,0.0,500.0,1.0,0.04999999999999999,59.0,15.016400814056396,7991.262452695832,240.0,,,
120500,0.0,500.0,0.0,0.0,500.0,1.0,0.04999999999999999,59.0,15.072190999984741,7994.85622230517,241.0,,,
121000,0.0,500.0,0.0,0.0,500.0,1.0,0.04999999999999999,59.0,15.125547885894775,7999.7102196104715,242.0,,,
121500,1.0,500.0,1.0,1.0,500.0,1.0,0.04999999999999999,59.0,15.186375856399536,8000.592185317205,243.0,,,
122000,0.0,500.0,0.0,0.0,500.0,1.0,0.04999999999999999,59.0,15.236841917037964,8006.90856177871,244.0,,,
122500,0.0,500.0,0.0,0.0,500.0,1.0,0.04999999999999999,59.0,15.29068374633789,8011.414141590541,245.0,,,
123000,1.0,500.0,1.0,1.0,500.0,1.0,0.04999999999999999,59.0,15.3506600856781,8012.684751892648,246.0,,,
123500,0.0,500.0,0.0,0.0,500.0,1.0,0.04999999999999999,59.0,15.404027938842773,8017.383536976234,247.0,,,
124000,0.0,500.0,0.0,0.0,500.0,1.0,0.04999999999999999,59.0,15.459437131881714,8020.990605426188,248.0,,,
124500,0.0,500.0,0.0,0.0,500.0,1.0,0.04999999999999999,59.0,15.515736103057861,8024.111725866707,249.0,,,
125000,0.0,500.0,0.0,0.0,500.0,1.0,0.04999999999999999,59.0,15.571460962295532,8027.506237383432,250.0,0.1,500.0,0.1
125500,0.0,500.0,0.0,0.0,500.0,1.0,0.04999999999999999,59.0,16.161882162094116,7765.184694536765,251.0,,,
126000,0.0,500.0,0.0,0.0,500.0,1.0,0.04999999999999999,59.0,16.215248823165894,7770.463554033798,252.0,,,
126500,0.0,500.0,0.0,0.0,500.0,1.0,0.04999999999999999,59.0,16.268067121505737,7775.969883525501,253.0,,,
127000,0.0,500.0,0.0,0.0,500.0,1.0,0.04999999999999999,59.0,16.32088279724121,7781.441823812825,254.0,,,
127500,1.0,500.0,1.0,1.0,500.0,1.0,0.04999999999999999,59.0,16.37806487083435,7784.802478530221,255.0,,,
128000,0.0,500.0,0.0,0.0,500.0,1.0,0.04999999999999999,59.0,16.42637300491333,7792.3470970562785,256.0,,,
128500,0.0,500.0,0.0,0.0,500.0,1.0,0.04999999999999999,59.0,16.479792833328247,7797.428116943642,257.0,,,
129000,0.0,500.0,0.0,0.0,500.0,1.0,0.04999999999999999,59.0,16.53332781791687,7802.421957677813,258.0,,,
129500,0.0,500.0,0.0,0.0,500.0,1.0,0.04999999999999999,59.0,16.586578845977783,7807.517222359783,259.0,,,
130000,2.0,500.0,2.0,2.0,500.0,1.0,0.04999999999999999,59.0,16.6489999294281,7808.276806477562,260.0,,,
130500,0.0,500.0,0.0,0.0,500.0,1.0,0.04999999999999999,59.0,16.70347285270691,7812.7465558069025,261.0,,,
131000,1.0,500.0,1.0,1.0,500.0,1.0,0.04999999999999999,59.0,16.772464752197266,7810.420348794499,262.0,,,
131500,0.0,500.0,0.0,0.0,500.0,1.0,0.04999999999999999,59.0,16.837288856506348,7810.045971218527,263.0,,,
132000,0.0,500.0,0.0,0.0,500.0,1.0,0.04999999999999999,59.0,16.895709991455078,7812.63409864151,264.0,,,
132500,1.0,500.0,1.0,1.0,500.0,1.0,0.04999999999999999,59.0,16.954637050628662,7814.971184835067,265.0,,,
133000,0.0,500.0,0.0,0.0,500.0,1.0,0.04999999999999999,59.0,17.011568784713745,7818.20898960895,266.0,,,
133500,0.0,500.0,0.0,0.0,500.0,1.0,0.04999999999999999,59.0,17.065391063690186,7822.850323309979,267.0,,,
134000,0.0,500.0,0.0,0.0,500.0,1.0,0.04999999999999999,59.0,17.121258974075317,7826.52725496999,268.0,,,
134500,0.0,500.0,0.0,0.0,500.0,1.0,0.04999999999999999,59.0,17.17526888847351,7831.027326172707,269.0,,,
135000,0.0,500.0,0.0,0.0,500.0,1.0,0.04999999999999999,59.0,17.22853994369507,7835.83521535755,270.0,,,
135500,0.0,500.0,0.0,0.0,500.0,1.0,0.04999999999999999,59.0,17.281944036483765,7840.553106406727,271.0,,,
136000,0.0,500.0,0.0,0.0,500.0,1.0,0.04999999999999999,59.0,17.33504295349121,7845.3800411616585,272.0,,,
136500,0.0,500.0,0.0,0.0,500.0,1.0,0.04999999999999999,59.0,17.387670040130615,7850.390517243483,273.0,,,
137000,0.0,500.0,0.0,0.0,500.0,1.0,0.04999999999999999,59.0,17.441866874694824,7854.663780215158,274.0,,,
137500,0.0,500.0,0.0,0.0,500.0,1.0,0.04999999999999999,59.0,17.494823932647705,7859.467493319919,275.0,,,
138000,0.0,500.0,0.0,0.0,500.0,1.0,0.04999999999999999,59.0,17.543498992919922,7866.161707860731,276.0,,,
138500,0.0,500.0,0.0,0.0,500.0,1.0,0.04999999999999999,59.0,17.596462965011597,7870.899980035205,277.0,,,
139000,0.0,500.0,0.0,0.0,500.0,1.0,0.04999999999999999,59.0,17.651198863983154,7874.819216026519,278.0,,,
139500,0.0,500.0,0.0,0.0,500.0,1.0,0.04999999999999999,59.0,17.70509386062622,7879.088419306801,279.0,,,
140000,0.0,500.0,0.0,0.0,500.0,1.0,0.04999999999999999,59.0,17.75945806503296,7883.123431319647,280.0,,,
140500,0.0,500.0,0.0,0.0,500.0,1.0,0.04999999999999999,59.0,17.812591791152954,7887.678651558313,281.0,,,
141000,0.0,500.0,0.0,0.0,500.0,1.0,0.04999999999999999,59.0,17.865422010421753,7892.340853619241,282.0,,,
141500,0.0,500.0,0.0,0.0,500.0,1.0,0.04999999999999999,59.0,17.91867685317993,7896.788426924991,283.0,,,
142000,0.0,500.0,0.0,0.0,500.0,1.0,0.04999999999999999,59.0,17.97202205657959,7901.169915825556,284.0,,,
142500,0.0,500.0,0.0,0.0,500.0,1.0,0.04999999999999999,59.0,18.026062965393066,7905.220361960093,285.0,,,
143000,1.0,500.0,1.0,1.0,500.0,1.0,0.04999999999999999,59.0,18.085292100906372,7906.97762591478,286.0,,,
143500,0.0,500.0,0.0,0.0,500.0,1.0,0.04999999999999999,59.0,18.13736605644226,7911.843404022264,287.0,,,
144000,0.0,500.0,0.0,0.0,500.0,1.0,0.04999999999999999,59.0,18.19046974182129,7916.233172853856,288.0,,,
144500,0.0,500.0,0.0,0.0,500.0,1.0,0.04999999999999999,59.0,18.243350982666016,7920.69396336765,289.0,,,
145000,0.0,500.0,0.0,0.0,500.0,1.0,0.04999999999999999,59.0,18.300403833389282,7923.322420647677,290.0,,,
145500,0.0,500.0,0.0,0.0,500.0,1.0,0.04999999999999999,59.0,18.354915142059326,7927.032016976988,291.0,,,
146000,0.0,500.0,0.0,0.0,500.0,1.0,0.04999999999999999,59.0,18.408684968948364,7931.039085424719,292.0,,,
146500,0.0,500.0,0.0,0.0,500.0,1.0,0.04999999999999999,59.0,18.464605808258057,7934.09843249834,293.0,,,
147000,0.0,500.0,0.0,0.0,500.0,1.0,0.04999999999999999,59.0,18.51857590675354,7937.975400494514,294.0,,,
147500,0.0,500.0,0.0,0.0,500.0,1.0,0.04999999999999999,59.0,18.57215905189514,7941.995305330362,295.0,,,
148000,0.0,500.0,0.0,0.0,500.0,1.0,0.04999999999999999,59.0,18.62511110305786,7946.261323278842,296.0,,,
148500,0.0,500.0,0.0,0.0,500.0,1.0,0.04999999999999999,59.0,18.67451786994934,7952.0125249907105,297.0,,,
149000,0.0,500.0,0.0,0.0,500.0,1.0,0.04999999999999999,59.0,18.728593826293945,7955.749448248056,298.0,,,
149500,1.0,500.0,1.0,1.0,500.0,1.0,0.04999999999999999,59.0,18.788259029388428,7957.09702352695,299.0,,,
150000,0.0,500.0,0.0,0.0,500.0,1.0,0.04999999999999999,59.0,18.842092990875244,7960.899039859386,300.0,0.1,500.0,0.1
150500,1.0,500.0,1.0,1.0,500.0,1.0,0.04999999999999999,59.0,19.4347140789032,7743.875180719587,301.0,,,
151000,0.0,500.0,0.0,0.0,500.0,1.0,0.04999999999999999,59.0,19.497817993164062,7744.4563311105185,302.0,,,
151500,1.0,500.0,1.0,1.0,500.0,1.0,0.04999999999999999,59.0,19.557297945022583,7746.468884703851,303.0,,,
152000,0.0,500.0,0.0,0.0,500.0,1.0,0.04999999999999999,59.0,19.611657857894897,7750.492135921628,304.0,,,
152500,0.0,500.0,0.0,0.0,500.0,1.0,0.04999999999999999,59.0,19.662042140960693,7756.0610900282,305.0,,,
153000,0.0,500.0,0.0,0.0,500.0,1.0,0.04999999999999999,59.0,19.713242053985596,7761.280441898022,306.0,,,
153500,0.0,500.0,0.0,0.0,500.0,1.0,0.04999999999999999,59.0,19.762301921844482,7767.313777871547,307.0,,,
154000,0.0,500.0,0.0,0.0,500.0,1.0,0.04999999999999999,59.0,19.81626796722412,7771.39268881074,308.0,,,
154500,0.0,500.0,0.0,0.0,500.0,1.0,0.04999999999999999,59.0,19.865638971328735,7777.24795175144,309.0,,,
155000,1.0,500.0,1.0,1.0,500.0,1.0,0.04999999999999999,59.0,19.924222946166992,7779.4752858765205,310.0,,,
155500,1.0,500.0,1.0,1.0,500.0,1.0,0.04999999999999999,59.0,19.982836961746216,7781.677861740985,311.0,,,
156000,0.0,500.0,0.0,0.0,500.0,1.0,0.04999999999999999,59.0,20.036622047424316,7785.74350660338,312.0,,,
156500,0.0,500.0,0.0,0.0,500.0,1.0,0.04999999999999999,59.0,20.090028047561646,7789.934370897736,313.0,,,
157000,0.0,500.0,0.0,0.0,500.0,1.0,0.04999999999999999,59.0,20.144771099090576,7793.5857016060945,314.0,,,
157500,0.0,500.0,0.0,0.0,500.0,1.0,0.04999999999999999,59.0,20.198442935943604,7797.630762900295,315.0,,,
158000,0.0,500.0,0.0,0.0,500.0,1.0,0.04999999999999999,59.0,20.252039909362793,7801.683223375165,316.0,,,
158500,2.0,500.0,2.0,2.0,500.0,1.0,0.04999999999999999,59.0,20.316149950027466,7801.675041278464,317.0,,,
159000,0.0,500.0,0.0,0.0,500.0,1.0,0.04999999999999999,59.0,20.36954116821289,7805.772289467322,318.0,,,
159500,0.0,500.0,0.0,0.0,500.0,1.0,0.04999999999999999,59.0,20.42372703552246,7809.544248343398,319.0,,,
160000,0.0,500.0,0.0,0.0,500.0,1.0,0.04999999999999999,59.0,20.47727680206299,7813.538955720946,320.0,,,
160500,2.0,500.0,2.0,2.0,500.0,1.0,0.04999999999999999,60.0,20.539933919906616,7814.046560512485,321.0,,,
161000,1.0,500.0,1.0,1.0,500.0,1.0,0.04999999999999999,60.0,20.59987497329712,7815.581415358032,322.0,,,
161500,0.0,500.0,0.0,0.0,500.0,1.0,0.04999999999999999,60.0,20.65441584587097,7819.151178380361,323.0,,,
162000,0.0,500.0,0.0,0.0,500.0,1.0,0.04999999999999999,60.0,20.708066940307617,7823.038261706213,324.0,,,
162500,0.0,500.0,0.0,0.0,500.0,1.0,0.04999999999999999,60.0,20.761306047439575,7827.060572619447,325.0,,,
163000,0.0,500.0,0.0,0.0,500.0,1.0,0.04999999999999999,60.0,20.81692099571228,7830.1685457505255,326.0,,,
163500,0.0,500.0,0.0,0.0,500.0,1.0,0.04999999999999999,60.0,20.871138095855713,7833.7845904275555,327.0,,,
164000,0.0,500.0,0.0,0.0,500.0,1.0,0.04999999999999999,60.0,20.925402879714966,7837.3640375154355,328.0,,,
164500,0.0,500.0,0.0,0.0,500.0,1.0,0.04999999999999999,60.0,20.979293823242188,7841.064689115346,329.0,,,
165000,0.0,500.0,0.0,0.0,500.0,1.0,0.04999999999999999,60.0,21.037369966506958,7843.185733896022,330.0,,,
165500,0.0,500.0,0.0,0.0,500.0,1.0,0.04999999999999999,60.0,21.099766969680786,7843.688522144082,331.0,,,
166000,0.0,500.0,0.0,0.0,500.0,1.0,0.04999999999999999,60.0,21.160130977630615,7844.9419890399795,332.0,,,
166500,0.0,500.0,0.0,0.0,500.0,1.0,0.04999999999999999,60.0,21.221136808395386,7845.951020594251,333.0,,,
167000,0.0,500.0,0.0,0.0,500.0,1.0,0.04999999999999999,60.0,21.274882078170776,7849.63222763765,334.0,,,
167500,0.0,500.0,0.0,0.0,500.0,1.0,0.04999999999999999,60.0,21.328178882598877,7853.460012784262,335.0,,,
168000,0.0,500.0,0.0,0.0,500.0,1.0,0.04999999999999999,60.0,21.379919052124023,7857.8407893134545,336.0,,,
168500,0.0,500.0,0.0,0.0,500.0,1.0,0.04999999999999999,60.0,21.433010816574097,7861.704612666894,337.0,,,
169000,0.0,500.0,0.0,0.0,500.0,1.0,0.04999999999999999,60.0,21.49603796005249,7861.913917069922,338.0,,,
169500,0.0,500.0,0.0,0.0,500.0,1.0,0.04999999999999999,60.0,21.561712741851807,7861.156580154062,339.0,,,
170000,1.0,500.0,1.0,1.0,500.0,1.0,0.04999999999999999,60.0,21.632620096206665,7858.502541252963,340.0,,,
170500,0.0,500.0,0.0,0.0,500.0,1.0,0.04999999999999999,60.0,21.695064067840576,7858.930467632897,341.0,,,
171000,1.0,500.0,1.0,1.0,500.0,1.0,0.04999999999999999,60.0,21.76314377784729,7857.320695278453,342.0,,,
171500,0.0,500.0,0.0,0.0,500.0,1.0,0.04999999999999999,60.0,21.81758213043213,7860.63272156928,343.0,,,
172000,0.0,500.0,0.0,0.0,500.0,1.0,0.04999999999999999,60.0,21.879683017730713,7861.174216309065,344.0,,,
172500,0.0,500.0,0.0,0.0,500.0,1.0,0.04999999999999999,60.0,21.944396018981934,7860.7768402824695,345.0,,,
173000,0.0,500.0,0.0,0.0,500.0,1.0,0.04999999999999999,60.0,22.004063844680786,7862.184059324143,346.0,,,
173500,0.0,500.0,0.0,0.0,500.0,1.0,0.04999999999999999,60.0,22.06704306602478,7862.403652400846,347.0,,,
174000,0.0,500.0,0.0,0.0,500.0,1.0,0.04999999999999999,60.0,22.12714910507202,7863.642947121255,348.0,,,
174500,1.0,500.0,1.0,1.0,500.0,1.0,0.04999999999999999,60.0,22.18952488899231,7864.071036805536,349.0,,,
175000,0.0,500.0,0.0,0.0,500.0,1.0,0.04999999999999999,60.0,22.244788885116577,7867.011051612544,350.0,0.0,500.0,0.0
175500,0.0,500.0,0.0,0.0,500.0,1.0,0.04999999999999999,60.0,22.88487696647644,7668.819904825626,351.0,,,
176000,0.0,500.0,0.0,0.0,500.0,1.0,0.04999999999999999,60.0,22.9340558052063,7674.176844029739,352.0,,,
176500,0.0,500.0,0.0,0.0,500.0,1.0,0.04999999999999999,60.0,22.987355947494507,7678.1340317322365,353.0,,,
177000,0.0,500.0,0.0,0.0,500.0,1.0,0.04999999999999999,60.0,23.04236388206482,7681.503551715419,354.0,,,
177500,1.0,500.0,1.0,1.0,500.0,1.0,0.04999999999999999,60.0,23.10250186920166,7683.150552478833,355.0,,,
178000,0.0,500.0,0.0,0.0,500.0,1.0,0.04999999999999999,60.0,23.157381057739258,7686.5341359709555,356.0,,,
178500,0.0,500.0,0.0,0.0,500.0,1.0,0.04999999999999999,60.0,23.20925998687744,7690.895793356799,357.0,,,
179000,0.0,500.0,0.0,0.0,500.0,1.0,0.04999999999999999,60.0,23.263068914413452,7694.599567174659,358.0,,,
179500,0.0,500.0,0.0,0.0,500.0,1.0,0.04999999999999999,60.0,23.318124055862427,7697.874819174048,359.0,,,
180000,0.0,500.0,0.0,0.0,500.0,1.0,0.04999999999999999,60.0,23.375531911849976,7700.359533155733,360.0,,,
180500,0.0,500.0,0.0,0.0,500.0,1.0,0.04999999999999999,60.0,23.433477878570557,7702.655189952133,361.0,,,
181000,0.0,500.0,0.0,0.0,500.0,1.0,0.04999999999999999,60.0,23.49065089225769,7705.19305021284,362.0,,,
181500,0.0,500.0,0.0,0.0,500.0,1.0,0.04999999999999999,60.0,23.547056913375854,7707.969648508359,363.0,,,
182000,1.0,500.0,1.0,1.0,500.0,1.0,0.04999999999999999,60.0,23.60805606842041,7709.232792082971,364.0,,,
182500,0.0,500.0,0.0,0.0,500.0,1.0,0.04999999999999999,60.0,23.659641981124878,7713.5571259106255,365.0,,,
183000,0.0,500.0,0.0,0.0,500.0,1.0,0.04999999999999999,60.0,23.71572780609131,7716.398227213463,366.0,,,
183500,0.0,500.0,0.0,0.0,500.0,1.0,0.04999999999999999,60.0,23.77303910255432,7718.828005472958,367.0,,,
184000,0.0,500.0,0.0,0.0,500.0,1.0,0.04999999999999999,60.0,23.832215070724487,7720.641973646241,368.0,,,
184500,0.0,500.0,0.0,0.0,500.0,1.0,0.04999999999999999,60.0,23.888515949249268,7723.376386878406,369.0,,,
185000,0.0,500.0,0.0,0.0,500.0,1.0,0.04999999999999999,60.0,23.938383102416992,7728.174422161414,370.0,,,
185500,0.0,500.0,0.0,0.0,500.0,1.0,0.04999999999999999,60.0,23.9966299533844,7730.252137918964,371.0,,,
186000,1.0,500.0,1.0,1.0,500.0,1.0,0.04999999999999999,60.0,24.06087899208069,7730.390899734767,372.0,,,
186500,0.0,500.0,0.0,0.0,500.0,1.0,0.04999999999999999,60.0,24.119465827941895,7732.343714840636,373.0,,,
187000,0.0,500.0,0.0,0.0,500.0,1.0,0.04999999999999999,60.0,24.174614906311035,7735.386922386164,374.0,,,
187500,1.0,500.0,1.0,1.0,500.0,1.0,0.04999999999999999,60.0,24.234900951385498,7736.775998223368,375.0,,,
188000,0.0,500.0,0.0,0.0,500.0,1.0,0.04999999999999999,60.0,24.291351079940796,7739.380134983344,376.0,,,
188500,1.0,500.0,1.0,1.0,500.0,1.0,0.04999999999999999,60.0,24.356396913528442,7739.2399487175435,377.0,,,
189000,0.0,500.0,0.0,0.0,500.0,1.0,0.04999999999999999,60.0,24.41492509841919,7741.166488863704,378.0,,,
189500,1.0,500.0,1.0,1.0,500.0,1.0,0.04999999999999999,60.0,24.484102964401245,7739.71585871552,379.0,,,
190000,0.0,500.0,0.0,0.0,500.0,1.0,0.04999999999999999,60.0,24.543385982513428,7741.393144995171,380.0,,,
190500,1.0,500.0,1.0,1.0,500.0,1.0,0.04999999999999999,60.0,24.60576581954956,7742.087825961734,381.0,,,
191000,0.0,500.0,0.0,0.0,500.0,1.0,0.04999999999999999,60.0,24.665135860443115,7743.7238165112885,382.0,,,
191500,0.0,500.0,0.0,0.0,500.0,1.0,0.04999999999999999,60.0,24.724992036819458,7745.199663353822,383.0,,,
192000,0.0,500.0,0.0,0.0,500.0,1.0,0.04999999999999999,60.0,24.78331995010376,7747.146079966424,384.0,,,
192500,0.0,500.0,0.0,0.0,500.0,1.0,0.04999999999999999,60.0,24.844016790390015,7748.344465556048,385.0,,,
193000,0.0,500.0,0.0,0.0,500.0,1.0,0.04999999999999999,60.0,24.901707887649536,7750.472412204383,386.0,,,
193500,0.0,500.0,0.0,0.0,500.0,1.0,0.04999999999999999,60.0,24.9595787525177,7752.534684924578,387.0,,,
194000,0.0,500.0,0.0,0.0,500.0,1.0,0.04999999999999999,60.0,25.02480983734131,7752.306661308519,388.0,,,
194500,0.0,500.0,0.0,0.0,500.0,1.0,0.04999999999999999,60.0,25.084110021591187,7753.912729316839,389.0,,,
195000,0.0,500.0,0.0,0.0,500.0,1.0,0.04999999999999999,60.0,25.142544746398926,7755.778182633209,390.0,,,
195500,0.0,500.0,0.0,0.0,500.0,1.0,0.04999999999999999,60.0,25.200796842575073,7757.691204022395,391.0,,,
196000,1.0,500.0,1.0,1.0,500.0,1.0,0.04999999999999999,60.0,25.264367818832397,7757.9617825979785,392.0,,,
196500,1.0,500.0,1.0,1.0,500.0,1.0,0.04999999999999999,60.0,25.35861086845398,7748.847167509688,393.0,,,
197000,0.0,500.0,0.0,0.0,500.0,1.0,0.04999999999999999,60.0,25.42118501663208,7749.4420449365625,394.0,,,
197500,0.0,500.0,0.0,0.0,500.0,1.0,0.04999999999999999,60.0,25.47375798225403,7753.076720662333,395.0,,,
198000,0.0,500.0,0.0,0.0,500.0,1.0,0.04999999999999999,60.0,25.530905961990356,7755.3064624802755,396.0,,,
198500,0.0,500.0,0.0,0.0,500.0,1.0,0.04999999999999999,60.0,25.587782859802246,7757.608429288277,397.0,,,
199000,0.0,500.0,0.0,0.0,500.0,1.0,0.04999999999999999,60.0,25.648900032043457,7758.617318925454,398.0,,,
199500,0.0,500.0,0.0,0.0,500.0,1.0,0.04999999999999999,60.0,25.709540128707886,7759.765402308131,399.0,,,
200000,0.0,500.0,0.0,0.0,500.0,1.0,0.04999999999999999,60.0,25.77160906791687,7760.477798376214,400.0,0.2,500.0,0.2
