step,train/ep_return_mean,train/ep_length_mean,train/n_episodes,loss/policy,loss/value,loss/entropy,loss/approx_kl,loss/clip_frac,time/elapsed_s,time/sps,time/update,eval/ep_return_mean,eval/ep_length_mean
512,0.0,500.0,1.0,-0.011190608842298388,0.04066729370970279,3.6851517409086227,0.0024649924598634243,0.1064453125,0.21515583992004395,2379.6704760152875,1.0,,
1024,1.0,500.0,1.0,-0.011783189489506185,0.009943570126779377,3.678701400756836,0.007585211889818311,0.0537109375,0.4175407886505127,2452.4550123822796,2.0,,
1536,0.5,500.0,1.0,-0.0073486980982124805,0.007325350044993684,3.674350455403328,0.002762945368885994,0.0126953125,0.598315954208374,2567.205485991539,3.0,,
2048,0.5,500.0,1.0,-0.008833402185700834,0.00676423977711238,3.678669959306717,0.004503206349909306,0.02783203125,0.7761631011962891,2638.620667284295,4.0,,
2560,0.0,500.0,1.0,-0.00818813347723335,0.005192925775190815,3.6756924092769623,0.007555188611149788,0.0322265625,1.011380910873413,2531.1927212361793,5.0,,
3072,0.0,500.0,1.0,-0.00955561432056129,0.0031391427473863587,3.6646376252174377,0.0021021119318902493,0.06591796875,1.1922879219055176,2576.5588525717194,6.0,,
3584,0.0,500.0,1.0,-0.012711490388028324,0.0032859671700862236,3.6628197729587555,0.0037293219938874245,0.0556640625,1.374526023864746,2607.444266440944,7.0,,
4096,0.0,500.0,1.0,-0.009151063743047416,0.0031328466357081197,3.646106004714966,0.0038147438317537308,0.02294921875,1.551767110824585,2639.571345099233,8.0,,
4608,0.0,500.0,1.0,-0.006516495603136718,0.0024839360849000514,3.6296563893556595,0.007362250937148929,0.02490234375,1.7403697967529297,2647.7131518814626,9.0,,
5120,0.5,500.0,1.0,-0.009558235120493919,0.00749729061499238,3.6006085872650146,0.004920759936794639,0.0576171875,1.937574863433838,2642.478541926456,10.0,,
5632,1.5,500.0,1.0,-0.016028969548642635,0.0024089012877084315,3.5824941843748093,-0.0026340920012444258,0.09716796875,2.1287081241607666,2645.736132669851,11.0,,
6144,0.0,500.0,1.0,-0.012469607405364513,0.009363841178128496,3.5961813628673553,0.0067636913154274225,0.08544921875,2.310753107070923,2658.8734128277533,12.0,,
6656,1.5,500.0,1.0,-0.011685967678204179,0.007180119981057942,3.6037006825208664,0.005583863472566009,0.05615234375,2.492825746536255,2670.062281428381,13.0,,
7168,1.5,500.0,1.0,-0.011014137067832053,0.0032259268045891076,3.5981437265872955,0.0004861284978687763,0.06298828125,2.692873954772949,2661.8401456537435,14.0,,
7680,0.5,500.0,1.0,-0.013437877991236746,0.00171680190396728,3.585049659013748,-0.0003276404459029436,0.087890625,2.8861939907073975,2660.9437982086765,15.0,,
8192,0.0,500.0,1.0,-0.0167704222840257,0.001409576307196403,3.6158824265003204,0.006234741536900401,0.13330078125,3.060012102127075,2677.1135951735546,16.0,,
8704,0.0,500.0,1.0,-0.012164847110398114,0.0008103518812276889,3.5619920045137405,0.009210017044097185,0.07763671875,3.2500438690185547,2678.117696493871,17.0,,
9216,0.0,500.0,1.0,-0.009610166889615357,0.0009268161811633036,3.612100914120674,0.008497374365106225,0.0478515625,3.433133125305176,2684.428381780499,18.0,,
9728,0.0,500.0,1.0,-0.008971314411610365,0.0006443341480917297,3.579127848148346,0.0014343250077217817,0.06640625,3.620244026184082,2687.111678008567,19.0,,
10240,1.0,500.0,1.0,-0.009693907340988517,0.005295861526974477,3.566814348101616,-0.001362452283501625,0.05419921875,3.7993648052215576,2695.1873602468822,20.0,,
10752,0.0,500.0,1.0,-0.016139188082888722,0.0009286128843086772,3.6008541882038116,0.01925506815314293,0.12890625,3.9851059913635254,2698.0461807795346,21.0,,
11264,0.0,500.0,1.0,-0.009316977579146624,0.005812685238197446,3.576553776860237,0.008714277762919664,0.06494140625,4.205552816390991,2678.36369955906,22.0,,
11776,1.0,500.0,1.0,-0.007063125493004918,0.0030140913877403364,3.5697782039642334,0.003026489866897464,0.02197265625,4.420289039611816,2664.079179997277,23.0,,
12288,1.0,500.0,1.0,-0.011453610961325467,0.00879003616864793,3.517489179968834,0.0002026776783168316,0.0400390625,4.638263940811157,2649.267087170341,24.0,,
12800,3.5,500.0,1.0,-0.00421936484053731,0.007024659003945999,3.473330169916153,0.005468795308843255,0.03369140625,4.833409070968628,2648.2343646189347,25.0,12.5,500.0
13312,2.0,500.0,1.0,-0.010618901578709483,0.010277916822815314,3.3029056638479233,0.008307973155751824,0.1337890625,9.080127954483032,1466.0586355974876,26.0,,
13824,2.5,500.0,1.0,-0.011568985763005912,0.03231677575968206,3.455106735229492,0.005847559194080532,0.11376953125,9.241343975067139,1495.8863166760946,27.0,,
14336,5.0,500.0,1.0,-0.01447158888913691,0.03436902759131044,3.481504514813423,0.013937206007540226,0.11474609375,9.400219917297363,1525.0707032524099,28.0,,
14848,0.0,500.0,1.0,-0.009126419783569872,0.0025663940905360505,3.578946501016617,0.01340412744320929,0.11181640625,9.559711933135986,1553.184876683751,29.0,,
15360,0.0,500.0,1.0,-0.01052758318837732,0.001840486263972707,3.4584484696388245,0.00585768767632544,0.1015625,9.72320008277893,1579.7268254516932,30.0,,
15872,2.0,500.0,1.0,-0.014492196962237358,0.07339771976694465,3.5717243552207947,0.011613656301051378,0.10107421875,9.89008092880249,1604.8402550252754,31.0,,
16384,6.5,500.0,1.0,-0.012785427388735116,0.016410791606176645,3.5679820477962494,0.00028785597532987595,0.03564453125,10.049124956130981,1630.3907127758528,32.0,,
16896,4.5,500.0,1.0,-0.012463885126635432,0.09870452340692282,3.4837572276592255,0.006548540433868766,0.11767578125,10.207391023635864,1655.2711619331753,33.0,,
17408,11.5,500.0,1.0,-0.013201103050960228,0.08321955683641136,3.529627040028572,0.009891642490401864,0.0751953125,10.39123797416687,1675.2575625038273,34.0,,
17920,0.0,500.0,1.0,-0.01105980877764523,0.012390082003548741,3.3613257855176926,0.008810389786958694,0.07958984375,10.554803848266602,1697.8051186562764,35.0,,
18432,4.0,500.0,1.0,-0.004516421118751168,0.04091445985250175,3.243908703327179,0.0025759751442819834,0.0458984375,10.716289043426514,1719.998399194578,36.0,,
18944,1.5,500.0,1.0,-0.014083545363973826,0.006448547675972804,3.3287795186042786,0.009120897040702403,0.09619140625,10.885159969329834,1740.3510883971257,37.0,,
19456,4.0,500.0,1.0,-0.011795149825047702,0.050529259140603244,3.46213997900486,0.005759433144703507,0.08837890625,11.065124750137329,1758.3172751629875,38.0,,
19968,0.0,500.0,1.0,-0.010161450365558267,0.08071325998753309,3.4803334176540375,-0.0007317641284316778,0.05078125,11.2253999710083,1778.823030945098,39.0,,
20480,23.0,500.0,1.0,-0.00893017410999164,0.3020051121711731,3.2750588953495026,0.010916695464402437,0.091796875,11.378544807434082,1799.8786616913926,40.0,,
20992,0.0,500.0,1.0,-0.012895082589238882,0.004504950833506882,3.421339452266693,0.013061499805189669,0.0693359375,11.536823034286499,1819.5650516276,41.0,,
21504,4.5,500.0,1.0,-0.012419235426932573,0.035172896925359964,3.4110016375780106,0.0116475512040779,0.12255859375,11.695535898208618,1838.6502497327826,42.0,,
22016,0.0,500.0,1.0,-0.008521794923581183,0.004002416710136458,3.3570845127105713,-7.709371857345104e-05,0.10595703125,11.852638006210327,1857.4767902693443,43.0,,
22528,0.5,500.0,1.0,-0.01202028023544699,0.005790350158349611,3.5102122724056244,0.008921894943341613,0.15234375,12.022606134414673,1873.803379078823,44.0,,
23040,0.0,500.0,1.0,-0.013929276261478662,0.0023034165060380474,3.5159908682107925,-0.00020102877169847488,0.10791015625,12.184132814407349,1890.983983099391,45.0,,
23552,0.0,500.0,1.0,-0.01746037561679259,0.027369919698685408,3.351741313934326,0.011473713209852576,0.1953125,12.34476900100708,1907.852629569548,46.0,,
24064,6.0,500.0,1.0,-0.01343461312353611,0.020310224848799407,3.458722934126854,0.011653584893792868,0.11474609375,12.505796194076538,1924.227744203771,47.0,,
24576,2.0,500.0,1.0,-0.012011550134047866,0.0631397133693099,3.379676029086113,0.0018672810401767492,0.10595703125,12.663368940353394,1940.71578548782,48.0,,
25088,3.5,500.0,1.0,-0.010927687253570184,0.00460356472467538,3.482274442911148,0.003757379949092865,0.0478515625,12.81853699684143,1957.1656271056395,49.0,,
25600,0.0,500.0,1.0,-0.014380877604708076,0.002535007501137443,3.463172748684883,0.009704961441457272,0.09912109375,13.010843992233276,1967.5894980588287,50.0,4.166666666666667,500.0
26112,2.0,500.0,1.0,-0.01036480936454609,0.022151079756440595,3.2976542711257935,0.012277984991669655,0.13232421875,16.890715837478638,1545.9380319489094,51.0,,
26624,3.0,500.0,1.0,-0.011808061564806849,0.04276775859761983,3.4380901008844376,0.0021431618370115757,0.03564453125,17.066377878189087,1560.0263975184564,52.0,,
27136,7.5,500.0,1.0,-0.010443921899423003,0.10317382332868874,3.3617556989192963,-0.001578510389663279,0.04052734375,17.23904585838318,1574.1010391711459,53.0,,
27648,1.5,500.0,1.0,-0.013968113344162703,0.008913839294109493,3.185842901468277,0.005311828572303057,0.08642578125,17.40197491645813,1588.7851886196875,54.0,,
28160,0.0,500.0,1.0,-0.013621708145365119,0.0031219654920278117,3.218009263277054,0.014459919999353588,0.1201171875,17.56081199645996,1603.5704958105982,55.0,,
28672,1.5,500.0,1.0,-0.015773887280374765,0.03658192930743098,3.4255453050136566,0.011675405548885465,0.15283203125,17.72384786605835,1617.7074084972066,56.0,,
29184,4.5,500.0,1.0,-0.014021949842572212,0.009575978008797392,3.2925898879766464,0.008733122958801687,0.10888671875,17.880733013153076,1632.1478531407092,57.0,,
29696,0.0,500.0,1.0,-0.010925781563855708,0.0031082378700375557,3.4455443918704987,0.009038635645993054,0.07861328125,18.039613008499146,1646.1550470073325,58.0,,
30208,6.0,500.0,1.0,-0.014179448829963803,0.11105522187426686,3.268176183104515,0.01337696285918355,0.17919921875,18.20400595664978,1659.414970086035,59.0,,
30720,3.0,500.0,1.0,-0.012989712413400412,0.06875515473075211,2.8067986220121384,0.01269084692467004,0.14599609375,18.364113807678223,1672.827794562875,60.0,,
31232,20.0,500.0,1.0,-0.017509329947642982,1.0423224493861198,2.9535544514656067,0.0018111146055161953,0.146484375,18.532800912857056,1685.2282688869186,61.0,,
31744,18.0,500.0,1.0,-0.012390616408083588,0.011477299354737625,3.305363178253174,0.018178673228248954,0.19970703125,18.723073959350586,1695.4480908914302,62.0,,
32256,0.0,500.0,1.0,-0.012509483029134572,0.003698426327900961,3.4192277789115906,0.01074586040340364,0.08349609375,18.918425798416138,1705.0044408399187,63.0,,
32768,0.0,500.0,1.0,-0.02062757674138993,0.0018488509886083193,3.2687699794769287,0.008855098043568432,0.1298828125,19.096603870391846,1715.9071959807914,64.0,,
33280,0.0,500.0,1.0,-0.013593810494057834,0.0029858375710318796,3.266985759139061,0.0009639417985454202,0.09619140625,19.253681898117065,1728.500562962695,65.0,,
33792,0.0,500.0,1.0,-0.01829910301603377,0.004093903713510372,3.0995596945285797,0.010156878968700767,0.177734375,19.416199922561646,1740.402351375341,66.0,,
34304,0.0,500.0,1.0,-0.01288323593325913,0.0007024062724667601,3.445866510272026,0.0025955478195101023,0.06982421875,19.57254981994629,1752.6587141467364,67.0,,
34816,0.0,500.0,1.0,-0.00720883603207767,0.0011661348398774862,3.2123440951108932,0.011185260373167694,0.09716796875,19.73781704902649,1763.9235338700842,68.0,,
35328,0.0,500.0,1.0,-0.0050312100211158395,0.09015852981247008,3.1617139726877213,0.009251747280359268,0.06787109375,19.908488035202026,1774.5194882470894,69.0,,
35840,4.5,500.0,1.0,-0.01793908339459449,0.0024870533161447383,3.302509695291519,0.008033430785872042,0.1162109375,20.109465837478638,1782.2452515473522,70.0,,
36352,16.5,500.0,1.0,-0.00752595195081085,0.5517705008387566,3.24621719121933,0.003692154190503061,0.0576171875,20.29997682571411,1790.740960548915,71.0,,
36864,4.0,500.0,1.0,-0.015418299939483404,0.07618214632384479,3.3381487280130386,0.001342013943940401,0.0732421875,20.467378854751587,1801.1099643783587,72.0,,
37376,5.5,500.0,1.0,-0.010572161176241934,0.004693057053373195,3.4197062253952026,0.0061807038728147745,0.10302734375,20.632405042648315,1811.5193028995773,73.0,,
37888,0.0,500.0,1.0,-0.017371523834299296,0.025587751530110836,3.424023360013962,0.01285767275840044,0.11328125,20.79253101348877,1822.1927852564395,74.0,,
38400,2.5,500.0,1.0,-0.007393461768515408,0.29412002582103014,3.298588216304779,-0.0005730988923460245,0.03564453125,20.951404094696045,1832.8127235024385,75.0,8.333333333333334,500.0
38912,12.0,500.0,1.0,-0.010160047211684287,0.19997221138328314,3.1527030616998672,0.008233847678638995,0.0615234375,24.79044795036316,1569.6368245508033,76.0,,
39424,4.5,500.0,1.0,-0.012747600907459855,0.08098092954605818,3.284846007823944,0.00853681843727827,0.10302734375,24.94842505455017,1580.2199903921282,77.0,,
39936,21.5,500.0,1.0,-0.01685391436330974,0.39949346147477627,3.1242138892412186,0.017624522442929447,0.13330078125,25.10560894012451,1590.7202289036347,78.0,,
40448,0.0,500.0,1.0,-0.006747477513272315,0.024742935958784074,3.0468183755874634,0.002671023248694837,0.09033203125,25.259554147720337,1601.2950887199413,79.0,,
40960,42.5,500.0,1.0,-0.01302068226505071,1.3210788369178772,3.143873080611229,0.011449652025476098,0.0966796875,25.4123477935791,1611.8148678237947,80.0,,
41472,17.0,500.0,1.0,-0.013902463542763144,0.3773753698915243,3.1772817969322205,0.007442785892635584,0.11083984375,25.56835412979126,1622.0050688236684,81.0,,
41984,0.5,500.0,1.0,-0.011205074202734977,0.014792059198953211,3.3030878752470016,0.005842899205163121,0.10986328125,25.730252027511597,1631.6979699658357,82.0,,
42496,28.0,500.0,1.0,-0.01175798405893147,0.9734522886574268,3.0564274042844772,0.007173487218096852,0.09423828125,25.88383388519287,1641.7969682733244,83.0,,
43008,4.0,500.0,1.0,-0.010934224468655884,0.08099053020123392,2.919038489460945,0.015078004915267229,0.15625,26.03927993774414,1651.658575153592,84.0,,
43520,0.0,500.0,1.0,-0.013261919433716685,0.016921256261412054,2.886894941329956,0.016126993810757995,0.1845703125,26.196655750274658,1661.2807533474465,85.0,,
44032,8.0,500.0,1.0,-0.013080623524729162,0.9817518666386604,3.02427476644516,0.005496386787854135,0.06103515625,26.35175919532776,1670.9320874413195,86.0,,
44544,100.5,500.0,1.0,-0.007407674682326615,6.437372595071793,2.5275553166866302,-0.00022315868409350514,0.06396484375,26.51008105278015,1680.2664583075125,87.0,,
45056,129.5,500.0,1.0,-0.012286463228520006,4.111500680446625,2.8280394226312637,0.009611670335289091,0.060546875,26.662276029586792,1689.8782365767245,88.0,,
45568,0.0,500.0,1.0,-0.016996832826407626,0.03295407479163259,3.0677277892827988,0.014772409806028008,0.203125,26.82392978668213,1698.7816610906937,89.0,,
46080,60.5,500.0,1.0,-0.01476525200996548,2.3281857073307037,2.7356950491666794,0.008507515885867178,0.13330078125,26.982687950134277,1707.7616612977465,90.0,,
46592,0.0,500.0,1.0,-0.015077873482368886,0.02345741930184886,2.995397463440895,0.010979913524352014,0.14111328125,27.160515069961548,1715.431385597282,91.0,,
47104,0.0,500.0,1.0,-0.014919716049917042,0.034203653456643224,3.108032211661339,0.00963935733307153,0.11328125,27.32046389579773,1724.1288500685105,92.0,,
47616,0.0,500.0,1.0,-0.010338229010812938,0.037263035075739026,2.872623845934868,0.003994328668341041,0.14990234375,27.48072099685669,1732.7056304471207,93.0,,
48128,0.0,500.0,1.0,-0.013073748152237386,0.04060620884411037,2.734925016760826,0.004442116478458047,0.21044921875,27.634975910186768,1741.561134571466,94.0,,
48640,0.0,500.0,1.0,-0.014343514339998364,0.9761826582252979,2.8384455889463425,0.007353914435952902,0.09033203125,27.786731004714966,1750.475793347068,95.0,,
49152,79.5,500.0,1.0,-0.02064825571142137,3.79151251912117,2.7481288462877274,0.00750453129876405,0.18212890625,27.941232919692993,1759.1206566034402,96.0,,
49664,75.5,500.0,1.0,-0.010077446000650525,1.708665668964386,2.881549835205078,0.004792796913534403,0.1015625,28.096457958221436,1767.6249466693928,97.0,,
50176,11.0,500.0,1.0,-0.013792193960398436,0.0743396666366607,2.726104497909546,0.01410123286768794,0.09765625,28.25125288963318,1776.06282439998,98.0,,
50688,0.0,500.0,1.0,-0.010983420419506729,0.036429321160539985,2.7130942940711975,0.01168292062357068,0.09423828125,28.4116370677948,1784.057704209376,99.0,,
51200,0.0,500.0,1.0,-0.012469892855733633,2.3553193360567093,2.610981583595276,0.0034669891465455294,0.09033203125,28.568805932998657,1792.164506982806,100.0,4.166666666666667,500.0
51712,3.5,500.0,1.0,-0.018838701769709587,0.024179610307328403,2.5403780043125153,0.013056045107077807,0.1796875,32.445724964141846,1593.8001094797767,101.0,,
52224,0.0,500.0,1.0,-0.011374148656614125,0.019072626892011613,2.717309907078743,0.0033109403448179364,0.12646484375,32.60426688194275,1601.7535431512267,102.0,,
52736,0.0,500.0,1.0,-0.011030072346329689,0.011578099569305778,2.7629634886980057,0.009061281802132726,0.11376953125,32.76420617103577,1609.5613525536812,103.0,,
53248,8.5,500.0,1.0,-0.012997411889955401,0.44461990520358086,3.0001077353954315,0.018586903112009168,0.1103515625,32.92685890197754,1617.1600260601233,104.0,,
53760,36.0,500.0,1.0,-0.009075718058738858,0.992879144847393,2.7032116800546646,0.007465375354513526,0.03955078125,33.08676600456238,1624.8188170638061,105.0,,
54272,0.0,500.0,1.0,-0.010836366680450737,0.03355229622684419,2.5988298058509827,0.010529613588005304,0.05615234375,33.24664282798767,1632.405421527637,106.0,,
54784,91.5,500.0,1.0,-0.013078632415272295,4.865272611379623,2.670294016599655,0.008236445835791528,0.08349609375,33.39973998069763,1640.2522903370132,107.0,,
55296,0.0,500.0,1.0,-0.019838876090943813,0.007150570265366696,2.813480317592621,0.016238580807112157,0.1474609375,33.55285716056824,1648.0265670186977,108.0,,
55808,78.0,500.0,1.0,-0.012990992981940508,3.8663922399282455,2.553916499018669,0.008951916941441596,0.1416015625,33.708096981048584,1655.6259474207773,109.0,,
56320,5.5,500.0,1.0,-0.007959588197991252,0.09176204144023359,2.577975571155548,0.0019085496896877885,0.021484375,33.86106491088867,1663.2672406557783,110.0,,
56832,0.0,500.0,1.0,-0.010659086052328348,0.016370780649594963,2.7585519105196,0.005346871796064079,0.08642578125,34.02474403381348,1670.313814661497,111.0,,
57344,0.0,500.0,1.0,-0.011642921308521181,0.005450545766507275,2.697951629757881,0.00524363643489778,0.109375,34.18832802772522,1677.297583944338,112.0,,
57856,4.5,500.0,1.0,-0.012555179302580655,1.2930740341544151,2.655721351504326,0.011642493889667094,0.1357421875,34.34579682350159,1684.5147107028604,113.0,,
58368,61.0,500.0,1.0,-0.008496492693666369,0.9748940169811249,2.8879743963479996,0.0036539413267746568,0.05712890625,34.49757790565491,1691.9448710175159,114.0,,
58880,0.0,500.0,1.0,-0.01565071614459157,0.011654644156806171,2.7562460005283356,0.01104582566767931,0.16455078125,34.6537389755249,1699.0951551168987,115.0,,
59392,0.0,500.0,1.0,-0.009559332858771086,0.004639813501853496,2.643874704837799,0.001950122939888388,0.13671875,34.809494972229004,1706.2011398724085,116.0,,
59904,0.0,500.0,1.0,-0.010959114006254822,1.0017072185873985,2.589319482445717,0.007818256155587733,0.0771484375,34.96568489074707,1713.2225548326762,117.0,,
60416,94.0,500.0,1.0,-0.009783580899238586,3.9615073800086975,2.5505583435297012,0.00014124787412583828,0.107421875,35.120460987091064,1720.2507684112293,118.0,,
60928,5.0,500.0,1.0,-0.011651668814010918,0.12551446305587888,2.7988141775131226,0.015089499414898455,0.11669921875,35.280821084976196,1726.943935155332,119.0,,
61440,53.5,500.0,1.0,-0.013136589899659157,12.917823255062103,2.4452916085720062,0.008600867353379726,0.09814453125,35.43065094947815,1734.0917638687904,120.0,,
61952,202.0,500.0,1.0,-0.011251674499362707,7.9578747153282166,2.52290141582489,0.0016074179438874125,0.11279296875,35.584227085113525,1740.9960837934652,121.0,,
62464,35.0,500.0,1.0,-0.014612096943892539,2.698737755417824,2.7428297847509384,0.009265053435228765,0.13818359375,35.73805212974548,1747.82889042825,122.0,,
62976,86.5,500.0,1.0,-0.012895516119897366,1.7351870387792587,2.774536743760109,0.01516078447457403,0.09716796875,35.894784927368164,1754.4609927996428,123.0,,
63488,0.0,500.0,1.0,-0.014669967466033995,0.043700283858925104,2.977160155773163,0.006738881696946919,0.08984375,36.05871105194092,1760.6841217521185,124.0,,
64000,0.0,500.0,1.0,-0.014096405124291778,1.0767984464764595,3.0165419578552246,0.009050549939274788,0.103515625,36.221465826034546,1766.9080624009246,125.0,0.0,500.0
64512,0.0,500.0,1.0,-0.015597273595631123,0.06203572289086878,2.585176259279251,0.004401186830364168,0.162109375,40.31732392311096,1600.1062005759763,126.0,,
65024,0.0,500.0,1.0,-0.015403429162688553,0.03892734320834279,2.723202034831047,2.5556655600667e-05,0.1064453125,40.47501993179321,1606.5217536538755,127.0,,
65536,41.5,500.0,1.0,-0.007776204030960798,1.9571809321641922,2.6136921048164368,0.005457277176901698,0.07568359375,40.662802934646606,1611.694110347722,128.0,,
66048,107.0,500.0,1.0,-0.011910213099326938,5.439259976148605,2.6165202260017395,0.007492615724913776,0.10205078125,40.848788022994995,1616.890076709733,129.0,,
66560,0.0,500.0,1.0,-0.012430454255081713,0.013558832870330662,2.4286008924245834,-0.0026565834414213896,0.10302734375,41.013614892959595,1622.875724895581,130.0,,
67072,22.0,500.0,1.0,-0.010025375871919096,0.9706436544656754,2.834851011633873,0.008501280681230128,0.08544921875,41.17289185523987,1629.0330112302784,131.0,,
67584,44.5,500.0,1.0,-0.012544314027763903,1.8840897381305695,2.8059668242931366,0.006827181321568787,0.08984375,41.33972406387329,1634.844003689457,132.0,,
68096,0.0,500.0,1.0,-0.019209573860280216,0.5992624536156654,2.565955936908722,0.0021969901863485575,0.134765625,41.51401996612549,1640.3133219949505,133.0,,
68608,16.5,500.0,1.0,-0.014407886541448534,0.032805092399939895,2.853134423494339,0.01552590390201658,0.16943359375,41.6707661151886,1646.430013077994,134.0,,
69120,0.0,500.0,1.0,-0.01389676530379802,0.017754006781615317,2.9779939502477646,0.009633500128984451,0.1298828125,41.83354091644287,1652.2627175657526,135.0,,
69632,0.0,500.0,1.0,-0.013544366229325533,1.3466783165931702,2.572555810213089,0.019320515217259526,0.1357421875,42.009753942489624,1657.5198249274345,136.0,,
70144,173.0,500.0,1.0,-0.015435622655786574,12.299091160297394,2.4617503732442856,0.01432377495802939,0.111328125,42.16053605079651,1663.7359618835972,137.0,,
70656,80.0,500.0,1.0,-0.017329986119875684,3.7697224467992783,2.510378882288933,0.012380992760881782,0.11669921875,42.31799292564392,1669.6444021848629,138.0,,
71168,0.0,500.0,1.0,-0.019885113346390426,0.015072096313815564,3.0734820812940598,0.0047937361523509026,0.2001953125,42.49231696128845,1674.8439503742711,139.0,,
71680,43.0,500.0,1.0,-0.012803459540009499,1.9182405695319176,2.7624355107545853,0.005567880696617067,0.07470703125,42.68574786186218,1679.2490137918585,140.0,,
72192,61.0,500.0,1.0,-0.018449896248057485,2.6147204786539078,2.281298190355301,0.0015661339275538921,0.16162109375,42.83780097961426,1685.240566721781,141.0,,
72704,0.0,500.0,1.0,-0.012852713116444647,1.8783589899539948,2.5597786009311676,0.0207757365424186,0.146484375,42.99443602561951,1691.0095054317533,142.0,,
73216,57.0,500.0,1.0,-0.00762484990991652,0.48550094850361347,2.70720075070858,0.00794037920422852,0.1064453125,43.160094022750854,1696.381846652277,143.0,,
73728,0.0,500.0,1.0,-0.015030217007733881,0.016672233119606972,2.6927170008420944,0.004867540905252099,0.11376953125,43.319676876068115,1701.9517530319094,144.0,,
74240,0.0,500.0,1.0,-0.014030567486770451,1.07632489874959,2.4281651973724365,-0.0015870692441239953,0.10009765625,43.47048592567444,1707.8253996731273,145.0,,
74752,86.0,500.0,1.0,-0.016684192407410592,2.4155289381742477,2.6408597230911255,0.0049842605367302895,0.15185546875,43.625040769577026,1713.511292627378,146.0,,
75264,64.0,500.0,1.0,-0.00965791183989495,5.295504957437515,2.7034706622362137,0.008897599531337619,0.130859375,43.79358386993408,1718.6079180807014,147.0,,
75776,0.0,500.0,1.0,-0.014915568812284619,0.013009165646508336,2.6357931345701218,0.0057036340003833175,0.103515625,43.94940114021301,1724.1645627490961,148.0,,
76288,0.0,500.0,1.0,-0.009647290280554444,0.006427950618672185,2.355443850159645,0.006782077718526125,0.1201171875,44.098429918289185,1729.9482122460024,149.0,,
76800,0.0,500.0,1.0,-0.0081616539391689,0.9647451117634773,2.5341214537620544,0.004765471152495593,0.041015625,44.258544921875,1735.2581323124618,150.0,16.65,500.0
77312,0.0,500.0,1.0,-0.013351694447919726,0.004703711165348068,2.850859746336937,0.006304915761575103,0.0986328125,48.512451171875,1593.6527248662603,151.0,,
77824,80.5,500.0,1.0,-0.012368013034574687,3.9655387848615646,1.997799389064312,0.010123698273673654,0.150390625,48.68316698074341,1598.5812926012645,152.0,,
78336,119.5,500.0,1.0,-0.014807721425313503,6.024529308080673,2.41367045044899,0.015451714280061424,0.126953125,48.86491584777832,1603.1133716474333,153.0,,
78848,116.5,500.0,1.0,-0.010279409238137305,4.746740132570267,2.0021840929985046,0.0027130693197250366,0.099609375,49.017427921295166,1608.5707337929337,154.0,,
79360,0.0,500.0,1.0,-0.015191211365163326,0.04673938965424895,2.88694404065609,0.003788519825320691,0.13037109375,49.19937300682068,1613.0286861378913,155.0,,
79872,0.0,500.0,1.0,-0.013009816291742027,0.0133481020166073,3.0659121721982956,-0.0006947374204173684,0.0986328125,49.36318588256836,1618.0479151003344,156.0,,
80384,0.0,500.0,1.0,-0.01150711509399116,0.021302481938619167,2.9890864342451096,0.0029685389017686248,0.1015625,49.51918697357178,1623.2899793548845,157.0,,
80896,0.0,500.0,1.0,-0.013255680678412318,0.00658063888840843,2.688233494758606,0.010712290881201625,0.134765625,49.689675092697144,1628.0243299857927,158.0,,
81408,72.0,500.0,1.0,-0.009314754977822304,4.2474075853824615,2.3102790862321854,0.002975462470203638,0.12548828125,49.845531940460205,1633.2055618794625,159.0,,
81920,119.0,500.0,1.0,-0.02068379323463887,4.506770968437195,2.624521702528,0.01361956330947578,0.138671875,50.008744955062866,1638.1134954218933,160.0,,
82432,0.0,500.0,1.0,-0.014652287354692817,0.012854580534622073,2.823475196957588,0.0036545892944559455,0.10595703125,50.16567301750183,1643.195337402153,161.0,,
82944,0.0,500.0,1.0,-0.009779350715689361,0.7477400302886963,2.7428210377693176,0.0017505638534203172,0.06201171875,50.32523798942566,1648.1591208257812,162.0,,
83456,101.5,500.0,1.0,-0.0148968716384843,4.128698259592056,2.572170317173004,0.009794540354050696,0.0986328125,50.48338294029236,1653.1380256094362,163.0,,
83968,99.5,500.0,1.0,-0.013274535536766052,10.864480674266815,2.431386321783066,0.005270316847600043,0.125,50.6412410736084,1658.0952247586165,164.0,,
84480,168.5,500.0,1.0,-0.006847760989330709,4.168064042925835,2.5479364097118378,0.003045117831788957,0.029296875,50.797120094299316,1663.0864081107766,165.0,,
84992,0.0,500.0,1.0,-0.010253423126414418,0.03327457292471081,2.6836450397968292,0.002071247436106205,0.10546875,50.95239591598511,1668.0667998447502,166.0,,
85504,0.0,500.0,1.0,-0.016981301363557577,0.07422936893999577,3.0300715416669846,0.003755435347557068,0.076171875,51.1105899810791,1672.9214049701477,167.0,,
86016,74.5,500.0,1.0,-0.013980010815430433,5.918291449546814,2.5184068977832794,0.011237316532060504,0.18408203125,51.268985748291016,1677.7394509480273,168.0,,
86528,122.5,500.0,1.0,-0.009882513666525483,3.2323093712329865,2.814843788743019,0.002998670097440481,0.0947265625,51.439353942871094,1682.1362122101807,169.0,,
87040,0.0,500.0,1.0,-0.015684353420510888,1.9529572576284409,2.7277358770370483,0.012226244085468352,0.12255859375,51.59925699234009,1686.8459949514602,170.0,,
87552,95.0,500.0,1.0,-0.016759204270783812,1.5100397542119026,2.4745736867189407,0.00837964960373938,0.11572265625,51.76230192184448,1691.4240045234874,171.0,,
88064,0.0,500.0,1.0,-0.01279786555096507,0.019156558846589178,3.0233044624328613,0.005911022424697876,0.09375,51.9243369102478,1696.006251408088,172.0,,
88576,0.0,500.0,1.0,-0.013956363894976676,2.3242499008774757,2.8060771971940994,0.008920176420360804,0.048828125,52.077950954437256,1700.83496713407,173.0,,
89088,143.0,500.0,1.0,-0.012122754997108132,7.693497866392136,2.583682358264923,0.015355429495684803,0.0625,52.23243689537048,1705.6068086284547,174.0,,
89600,35.0,500.0,1.0,-0.008744069840759039,1.6951549649238586,2.436401903629303,4.3583218939602375e-05,0.068359375,52.386940002441406,1710.349945918283,175.0,4.166666666666667,500.0
90112,0.0,500.0,1.0,-0.012620912748388946,0.010711871495004743,2.885005384683609,0.002696201205253601,0.1201171875,56.23314309120178,1602.4713371232292,176.0,,
90624,6.5,500.0,1.0,-0.011626446852460504,0.3164747478440404,2.8002683520317078,0.006734687718562782,0.099609375,56.3975727558136,1606.877664618257,177.0,,
91136,223.5,500.0,1.0,-0.013964623329229653,22.003896355628967,2.0460686087608337,0.010363711044192314,0.05615234375,56.55183386802673,1611.5480925460572,178.0,,
91648,0.0,500.0,1.0,-0.012886843644082546,0.049964966252446175,2.6517766267061234,0.016220551915466785,0.07763671875,56.69978904724121,1616.3728567603769,179.0,,
92160,48.5,500.0,1.0,-0.012436120712663978,2.2714922577142715,2.614775449037552,0.005126341828145087,0.11572265625,56.88683080673218,1620.0586092254848,180.0,,
92672,129.0,500.0,1.0,-0.012050913064740598,6.2761858105659485,2.3213363140821457,0.0048423545667901635,0.14892578125,57.04511213302612,1624.5388348767533,181.0,,
93184,118.0,500.0,1.0,-0.016216323478147388,4.202238693833351,2.614891454577446,0.01255318010225892,0.17041015625,57.216768980026245,1628.6134582770574,182.0,,
93696,79.5,500.0,1.0,-0.018229762907139957,3.261802777647972,2.6468273252248764,0.0075177442049607635,0.08984375,57.37351703643799,1633.0879618290362,183.0,,
94208,72.5,500.0,1.0,-0.008828719495795667,1.9946241304278374,2.3231031000614166,0.010034430888481438,0.06396484375,57.57781410217285,1636.1857682340326,184.0,,
94720,8.0,500.0,1.0,-0.012885652598924935,0.3580780392512679,2.4270039945840836,0.010786701110191643,0.12060546875,57.727904081344604,1640.800952456713,185.0,,
95232,0.0,500.0,1.0,-0.016449687886051834,0.08553505130112171,2.72211354970932,0.010973106953315437,0.1220703125,57.88570499420166,1645.1730182700421,186.0,,
95744,27.5,500.0,1.0,-0.017965486156754196,1.1262191757559776,2.6442124992609024,0.011016728996764868,0.166015625,58.04464888572693,1649.4888303742202,187.0,,
96256,0.0,500.0,1.0,-0.01161450328072533,0.09172279806807637,2.549713581800461,0.021712705376558006,0.1787109375,58.20780110359192,1653.6615054173585,188.0,,
96768,0.0,500.0,1.0,-0.01568950538057834,0.2448838958516717,2.896326184272766,0.009670894127339125,0.12646484375,58.38561797142029,1657.3944639477459,189.0,,
97280,87.0,500.0,1.0,-0.012588215991854668,3.098983198404312,2.487563744187355,0.012161872233264148,0.1015625,58.55368900299072,1661.3812324451712,190.0,,
97792,0.0,500.0,1.0,-0.020869389991275966,1.760297268629074,2.829958587884903,0.001969585893675685,0.13134765625,58.714672803878784,1665.5461970579133,191.0,,
98304,120.5,500.0,1.0,-0.014917701948434114,4.436739653348923,2.365821048617363,0.0037260018289089203,0.138671875,58.87392997741699,1669.7373529796243,192.0,,
98816,124.5,500.0,1.0,-0.013246613554656506,4.951509892940521,2.433444991707802,0.004690607194788754,0.13134765625,59.03215193748474,1673.935249804996,193.0,,
99328,107.0,500.0,1.0,-0.01384307153057307,1.9561978876590729,2.634316638112068,-0.004104085150174797,0.08935546875,59.19653511047363,1677.936044983584,194.0,,
99840,0.0,500.0,1.0,-0.012585641001351178,0.7996609546244144,2.515188440680504,0.004187903949059546,0.0859375,59.361307859420776,1681.9036439769943,195.0,,
100352,86.0,500.0,1.0,-0.017212118254974484,3.4456096589565277,2.3880922496318817,0.008764024183619767,0.1904296875,59.52069711685181,1686.0017583965398,196.0,,
100864,100.5,500.0,1.0,-0.016562657081522048,2.3640057146549225,2.489386171102524,-0.0016434622230008245,0.10595703125,59.680463790893555,1690.0672949426794,197.0,,
101376,0.0,500.0,1.0,-0.009255822165869176,0.9335479140281677,2.93936125934124,0.01144542417023331,0.10205078125,59.84252595901489,1694.0461381832488,198.0,,
101888,57.0,500.0,1.0,-0.01435326278442517,1.9116582795977592,2.4615507274866104,0.011353917885571718,0.078125,60.00744295120239,1697.9227074023895,199.0,,
102400,63.5,500.0,1.0,-0.015507174888625741,2.4364133775234222,2.4924020916223526,0.006054126599337906,0.09912109375,60.167306900024414,1701.920948034961,200.0,4.166666666666667,500.0
102912,0.0,500.0,1.0,-0.017386452294886112,0.09449066454544663,2.4868744909763336,0.006888237199746072,0.17626953125,64.17379307746887,1603.6452742596562,201.0,,
103424,95.0,500.0,1.0,-0.011109987273812294,4.1528418362140656,2.151369646191597,0.005227513029240072,0.10400390625,64.32429695129395,1607.8527850574437,202.0,,
103936,0.0,500.0,1.0,-0.014847013051621616,0.0878689989913255,2.7416689693927765,0.005896917660720646,0.12646484375,64.48760914802551,1611.7204742607878,203.0,,
104448,0.0,500.0,1.0,-0.013183366041630507,0.024525049841031432,2.435128927230835,0.003992782440036535,0.10400390625,64.65236306190491,1615.5325970064018,204.0,,
104960,0.0,500.0,1.0,-0.01401902874931693,0.027381588879507035,2.605843812227249,0.003664377727545798,0.0771484375,64.81502795219421,1619.3775319732272,205.0,,
105472,0.0,500.0,1.0,-0.014663504320196807,0.015529025462456048,2.728514552116394,0.0026526328874751925,0.083984375,64.98392987251282,1623.0474242927096,206.0,,
105984,105.0,500.0,1.0,-0.01419326192990411,5.067308932542801,2.5042579919099808,0.005022499128244817,0.107421875,65.16243195533752,1626.4586329841352,207.0,,
106496,0.0,500.0,1.0,-0.012790920562110841,0.771472129970789,2.7073579877614975,0.008188917068764567,0.07763671875,65.32865881919861,1630.1574519497597,208.0,,
107008,51.5,500.0,1.0,-0.01134285144507885,0.9264573939144611,2.48017655313015,0.01854726450983435,0.15576171875,65.4871518611908,1634.0304465648235,209.0,,
107520,0.0,500.0,1.0,-0.01711016002809629,0.0064876178512349725,2.6613107919692993,0.00954630208434537,0.1396484375,65.64627504348755,1637.8690173779562,210.0,,
108032,0.0,500.0,1.0,-0.010622211615554988,1.2288244254887104,2.3415403366088867,0.013599976839032024,0.10107421875,65.803297996521,1641.7414216185884,211.0,,
108544,116.0,500.0,1.0,-0.011596827302128077,3.817905008792877,1.9284343123435974,0.0018125702044926584,0.1484375,65.9649908542633,1645.4788910652114,212.0,,
109056,75.5,500.0,1.0,-0.01202777458820492,3.3293833434581757,2.418570250272751,0.002856954117305577,0.0595703125,66.12854099273682,1649.1517635626967,213.0,,
109568,0.0,500.0,1.0,-0.01364417397417128,0.026731436722911894,2.9618832767009735,0.005882153287529945,0.08056640625,66.29416298866272,1652.7548589570056,214.0,,
110080,0.0,500.0,1.0,-0.012557240668684244,0.013866759109077975,2.848016604781151,0.004604142974130809,0.04345703125,66.48251175880432,1655.773783026813,215.0,,
110592,0.0,500.0,1.0,-0.01322105003055185,0.008579731016652659,2.8347744047641754,0.009338302304968238,0.06201171875,66.66407608985901,1658.944464345818,216.0,,
111104,0.0,500.0,1.0,-0.015733242908027023,0.008796753158094361,2.8419807255268097,0.01279800885822624,0.13525390625,66.83958506584167,1662.2484997558674,217.0,,
111616,56.5,500.0,1.0,-0.011877677286975086,2.8816644102334976,2.4835668951272964,-0.00015032500959932804,0.09228515625,67.0188889503479,1665.4409189429064,218.0,,
112128,43.0,500.0,1.0,-0.01071397413033992,1.6196607425808907,2.6974123120307922,-0.0045119349379092455,0.0615234375,67.18884301185608,1668.848501829597,219.0,,
112640,69.5,500.0,1.0,-0.011282314895652235,5.135671555995941,2.296178787946701,0.008907017181627452,0.0888671875,67.34070706367493,1672.6881096376328,220.0,,
113152,120.0,500.0,1.0,-0.01767589629162103,3.8117421567440033,2.3447643518447876,0.012819922878406942,0.16796875,67.49466490745544,1676.4584305314665,221.0,,
113664,90.5,500.0,1.0,-0.01596546231303364,2.090458996593952,2.751319721341133,0.021703726961277425,0.154296875,67.65920209884644,1679.9488683585573,222.0,,
114176,0.0,500.0,1.0,-0.013521981076337397,2.1585350185632706,2.779757395386696,0.007360933697782457,0.05908203125,67.84388303756714,1682.922540515221,223.0,,
114688,114.5,500.0,1.0,-0.013938149088062346,2.554435059428215,2.279443845152855,0.004288510768674314,0.12744140625,68.00186014175415,1686.5420998914685,224.0,,
115200,79.5,500.0,1.0,-0.011614695540629327,1.8910726606845856,2.713175728917122,0.00796924508176744,0.087890625,68.1620090007782,1690.0910300147516,225.0,8.333333333333334,500.0
115712,61.5,500.0,1.0,-0.010756024741567671,2.486035466194153,2.3676577657461166,0.006995315430685878,0.09716796875,72.07536482810974,1605.4306527057877,226.0,,
116224,0.0,500.0,1.0,-0.012788971536792815,0.19252525689080358,2.656187057495117,0.004271364421583712,0.11865234375,72.22646498680115,1609.1608528984366,227.0,,
116736,124.5,500.0,1.0,-0.01599744282430038,4.131566286087036,2.516209065914154,0.013397204224020243,0.14404296875,72.38506603240967,1612.7083443943072,228.0,,
117248,0.0,500.0,1.0,-0.019224348827265203,0.023079219739884138,2.8946654945611954,0.011409196071326733,0.17431640625,72.54620003700256,1616.1838930253693,229.0,,
117760,0.0,500.0,1.0,-0.012717979843728244,0.06956990901380777,2.9600660651922226,0.009216426871716976,0.08154296875,72.71128606796265,1619.5560052387286,230.0,,
118272,12.0,500.0,1.0,-0.012574534746818244,0.8041456378996372,2.8611014932394028,0.004086447297595441,0.0517578125,72.87094402313232,1623.0337288131668,231.0,,
118784,112.5,500.0,1.0,-0.01545961044030264,4.715732723474503,2.5949374586343765,0.010259330156259239,0.1162109375,73.02692294120789,1626.5781880968746,232.0,,
119296,117.0,500.0,1.0,-0.014603369461838156,3.3489869832992554,2.6751114428043365,0.011376061826013029,0.10595703125,73.1921079158783,1629.9025044764412,233.0,,
119808,0.0,500.0,1.0,-0.008332807337865233,0.1381093612872064,2.655800089240074,0.002190623665228486,0.0537109375,73.35139513015747,1633.3431666488168,234.0,,
120320,1.0,500.0,1.0,-0.013434887630864978,0.030328488093800843,2.435613363981247,0.007144895498640835,0.0517578125,73.50200700759888,1636.9621034642078,235.0,,
120832,76.5,500.0,1.0,-0.014071337063796818,3.956847921013832,2.5554869920015335,0.016903773881495,0.19677734375,73.66100597381592,1640.3794436767782,236.0,,
121344,101.0,500.0,1.0,-0.007409370504319668,4.4550318121910095,2.2310248017311096,-0.0023380123311653733,0.0380859375,73.8119900226593,1643.9605538713834,237.0,,
121856,121.5,500.0,1.0,-0.012949249125085771,4.093412831425667,2.160842150449753,0.011030477588064969,0.14404296875,73.96162414550781,1647.5571136765138,238.0,,
122368,123.5,500.0,1.0,-0.00883761653676629,4.341612368822098,2.2812476456165314,0.003625067532993853,0.06884765625,74.11502480506897,1651.055239094123,239.0,,
122880,124.5,500.0,1.0,-0.014085747592616826,4.180696576833725,2.066724881529808,0.017885391833260655,0.2216796875,74.263995885849,1654.637601091093,240.0,,
123392,122.5,500.0,1.0,-0.01549832138698548,2.3751854076981544,2.451316401362419,0.008430113666690886,0.10498046875,74.41948103904724,1658.060473913508,241.0,,
123904,0.0,500.0,1.0,-0.015065736835822463,1.1900048106908798,2.8094457387924194,0.007760545122437179,0.080078125,74.58200287818909,1661.3123168918642,242.0,,
124416,98.0,500.0,1.0,-0.009946780686732382,2.5621963441371918,2.3810502886772156,0.006695845280773938,0.09375,74.73222613334656,1664.8239512897883,243.0,,
124928,0.0,500.0,1.0,-0.012637171428650618,0.05570648005232215,2.7026300877332687,0.01007947523612529,0.11181640625,74.89461302757263,1668.0505439557776,244.0,,
125440,41.0,500.0,1.0,-0.011290187248960137,3.3690063804388046,2.3300677239894867,0.010929418029263616,0.10009765625,75.04658889770508,1671.4950251900916,245.0,,
125952,129.0,500.0,1.0,-0.008970096590928733,11.333422482013702,2.2341919988393784,0.013173117069527507,0.1357421875,75.20234799385071,1674.8413229105438,246.0,,
126464,216.5,500.0,1.0,-0.008623319678008556,9.58533775806427,2.308278188109398,0.005512689356692135,0.09814453125,75.36029100418091,1678.1251547049349,247.0,,
126976,89.5,500.0,1.0,-0.011773784412071109,1.7211796417832375,2.802804931998253,0.004395746043883264,0.13623046875,75.52205109596252,1681.3102684228904,248.0,,
127488,0.0,500.0,1.0,-0.0157243364083115,1.8295231759548187,2.7939189970493317,0.006957946694456041,0.11279296875,75.68085408210754,1684.547585333616,249.0,,
128000,149.5,500.0,1.0,-0.007916567788925022,7.119257301092148,2.427928179502487,0.0029707475332543254,0.04296875,75.8345079421997,1687.8859436598482,250.0,24.95,500.0
128512,122.5,500.0,1.0,-0.004771004139911383,4.189948201179504,2.1712176352739334,0.009204597678035498,0.0537109375,79.70072293281555,1612.4320491839246,251.0,,
129024,116.5,500.0,1.0,-0.009466520976275206,3.986385077238083,2.4109667986631393,-0.003453547600656748,0.09521484375,79.85587406158447,1615.7108229821304,252.0,,
129536,110.0,500.0,1.0,-0.009331954410299659,3.484430491924286,2.621564134955406,0.0015708327991887927,0.02099609375,80.02175688743591,1618.7597603263598,253.0,,
130048,0.0,500.0,1.0,-0.0169066388043575,0.9303662516176701,2.8727924823760986,0.007373874774202704,0.1474609375,80.18592309951782,1621.8308023791026,254.0,,
130560,120.5,500.0,1.0,-0.015205655829049647,2.7289582788944244,2.580187737941742,0.008253455394878983,0.08251953125,80.34564995765686,1624.9790756413909,255.0,,
131072,134.5,500.0,1.0,-0.011806431808508933,9.661985725164413,2.278285652399063,0.009502584871370345,0.1376953125,80.49676179885864,1628.2891022065742,256.0,,
131584,0.0,500.0,1.0,-0.008290252415463328,0.1970935557037592,2.9444695711135864,0.004670431721024215,0.07568359375,80.66413998603821,1631.2577066187687,257.0,,
132096,79.5,500.0,1.0,-0.01482723606750369,3.5763448625802994,2.39491406083107,0.0011031239992007613,0.11181640625,80.82095885276794,1634.4275281445266,258.0,,
132608,161.5,500.0,1.0,-0.008762887096963823,7.97483429312706,2.2497064769268036,0.007703393115662038,0.1142578125,80.97271394729614,1637.6874818140893,259.0,,
133120,203.0,500.0,1.0,-0.012796358205378056,12.806027889251709,2.1370238810777664,0.017060411046259105,0.10498046875,81.12375283241272,1640.949726216467,260.0,,
133632,55.0,500.0,1.0,-0.016464676475152373,2.599018394947052,2.693107917904854,0.015245767193846405,0.09521484375,81.2833559513092,1644.0266083507793,261.0,,
134144,109.0,500.0,1.0,-0.02028955379500985,3.87634339928627,2.4466600716114044,0.02488071785774082,0.2001953125,81.43995380401611,1647.1522113435292,262.0,,
134656,216.0,500.0,1.0,-0.010662517917808145,11.664389669895172,2.1026465445756912,0.01742031262256205,0.1728515625,81.61598587036133,1649.8728596366811,263.0,,
135168,96.5,500.0,1.0,-0.014809666434302926,2.304543264210224,2.4748852252960205,0.001995728933252394,0.0830078125,81.81131601333618,1652.1919776717205,264.0,,
135680,0.0,500.0,1.0,-0.01273486902937293,0.5936749912798405,2.5923283249139786,0.011109678365755826,0.08935546875,81.98471283912659,1654.942675303825,265.0,,
136192,0.0,500.0,1.0,-0.012456245836801827,1.0425714403390884,2.551409959793091,-0.0015324964188039303,0.05908203125,82.14131498336792,1658.0206930894196,266.0,,
136704,166.5,500.0,1.0,-0.013476121064741164,10.006576120853424,2.0232965648174286,0.010590152232907712,0.13720703125,82.3058569431305,1660.9267563358958,267.0,,
137216,64.0,500.0,1.0,-0.009372118045575917,4.03368666768074,2.059965766966343,0.00684379757149145,0.15576171875,82.47969889640808,1663.6336193751022,268.0,,
137728,167.0,500.0,1.0,-0.012973288772627711,15.180157005786896,1.614651195704937,0.021859195549041033,0.17431640625,82.63738703727722,1666.6548270442256,269.0,,
138240,240.5,500.0,1.0,-0.005761795386206359,9.07320898771286,1.9775656312704086,0.010483552876394242,0.04833984375,82.82446312904358,1669.0720926813249,270.0,,
138752,99.5,500.0,1.0,-0.007788373972289264,8.001702040433884,1.9772330597043037,0.007076979381963611,0.033203125,82.9862630367279,1671.987566648126,271.0,,
139264,183.5,500.0,1.0,-0.008458217489533126,2.9963070899248123,2.102343514561653,0.008400591730605811,0.1240234375,83.14069700241089,1675.0400829086345,272.0,,
139776,73.0,500.0,1.0,-0.010877183580305427,2.795259013772011,2.405782714486122,0.006202489661518484,0.08935546875,83.32451605796814,1677.4894906411344,273.0,,
140288,52.0,500.0,1.0,-0.01306474138982594,2.1278016194701195,2.4922092109918594,0.008848980418406427,0.15185546875,83.49480199813843,1680.2004034110748,274.0,,
140800,98.5,500.0,1.0,-0.012006520410068333,3.1728623658418655,2.2901368588209152,-0.002318634884431958,0.150390625,83.68437600135803,1682.512396312964,275.0,24.983333333333334,500.0
141312,83.0,500.0,1.0,-0.007974955602549016,3.135677345097065,2.1967320442199707,0.011652893794234842,0.10107421875,87.99830508232117,1605.8491111596368,276.0,,
141824,67.0,500.0,1.0,-0.014769864734262228,6.305581748485565,2.402962952852249,0.0024538818979635835,0.0859375,88.18612885475159,1608.2347852414925,277.0,,
142336,68.0,500.0,1.0,-0.011818264843896031,3.2512392550706863,1.9484401643276215,0.01914360950468108,0.15673828125,88.3836600780487,1610.4334203212195,278.0,,
142848,138.0,500.0,1.0,-0.0059237327659502625,5.780185714364052,2.191883772611618,0.0016003766795620322,0.04296875,88.57825303077698,1612.6757427736434,279.0,,
143360,125.5,500.0,1.0,-0.016382338013499975,7.76750123500824,2.2963356971740723,0.021940531791187823,0.2177734375,88.75083804130554,1615.3086907560107,280.0,,
143872,151.5,500.0,1.0,-0.005060062394477427,6.0100952833890915,1.6751529201865196,0.011485280061606318,0.072265625,88.94213104248047,1617.5911046170456,281.0,,
144384,124.0,500.0,1.0,-0.006289205979555845,2.6541061401367188,2.16499862074852,0.007630191917996854,0.072265625,89.18270897865295,1618.9685383358358,282.0,,
144896,55.0,500.0,1.0,-0.006660314742475748,2.884194016456604,2.5644648373126984,0.004692622111178935,0.04443359375,89.42775893211365,1620.2575322276987,283.0,,
145408,0.0,500.0,1.0,-0.010528673301450908,0.7505342438817024,2.870340332388878,0.006462632678449154,0.05224609375,89.63872003555298,1622.1561390248266,284.0,,
145920,65.0,500.0,1.0,-0.014113568875472993,2.4556963816285133,2.302744686603546,0.006963105755858123,0.09716796875,89.81255602836609,1624.7171492804762,285.0,,
146432,77.5,500.0,1.0,-0.008263848605565727,3.3401790261268616,2.341216057538986,0.0034380685538053513,0.0556640625,89.99382615089417,1627.1338408756508,286.0,,
146944,93.5,500.0,1.0,-0.011203611502423882,2.4517169520258904,2.1855857223272324,0.012445348082110286,0.11474609375,90.20548796653748,1628.991797644398,287.0,,
147456,0.0,500.0,1.0,-0.012698141043074429,0.9725991487503052,2.547692149877548,0.007282324484549463,0.08984375,90.40929698944092,1630.9827076436804,288.0,,
147968,58.5,500.0,1.0,-0.010719668585807085,2.741155095398426,2.5232035517692566,0.014713834098074585,0.10986328125,90.59828996658325,1633.2317095011097,289.0,,
148480,0.0,500.0,1.0,-0.012105710804462433,4.25012531876564,2.7013118118047714,0.003525828244164586,0.06689453125,90.76874279975891,1635.805404152787,290.0,,
148992,96.5,500.0,1.0,-0.01713115186430514,3.4573782086372375,2.565021887421608,0.01547122176270932,0.126953125,90.96234798431396,1637.9524418795013,291.0,,
149504,62.0,500.0,1.0,-0.011960717150941491,3.1607531011104584,2.6620738059282303,0.0015485642943531275,0.095703125,91.17239499092102,1639.7945893040066,292.0,,
150016,103.5,500.0,1.0,-0.009931861190125346,4.3014842718839645,2.230960249900818,0.012320905574597418,0.080078125,91.35425090789795,1642.134859725838,293.0,,
150528,151.0,500.0,1.0,-0.013341656769625843,6.414537847042084,2.2035077065229416,0.019108044158201665,0.15966796875,91.51133275032043,1644.9110233232059,294.0,,
151040,97.5,500.0,1.0,-0.012650210759602487,2.3581917732954025,2.184459626674652,0.002397125936113298,0.15185546875,91.67049813270569,1647.640223153896,295.0,,
151552,124.5,500.0,1.0,-0.01549148780759424,3.5087474286556244,2.1915856301784515,0.0031607038690708578,0.11962890625,91.83098483085632,1650.3362158115144,296.0,,
152064,125.0,500.0,1.0,-0.014408014481887221,3.724074438214302,2.292593151330948,0.004232979845255613,0.09521484375,92.0013780593872,1652.844807409756,297.0,,
152576,103.5,500.0,1.0,-0.010516077745705843,3.364188477396965,2.3427496403455734,0.0005578213604167104,0.126953125,92.17384696006775,1655.3068471374545,298.0,,
153088,96.0,500.0,1.0,-0.013497450854629278,2.9423131942749023,2.3934971690177917,0.015553539094980806,0.14599609375,92.34569501876831,1657.770835650611,299.0,,
153600,80.0,500.0,1.0,-0.011746155214495957,1.873112365603447,2.524481400847435,0.006779032642953098,0.1181640625,92.52667284011841,1660.061853357824,300.0,32.68333333333333,500.0
154112,99.0,500.0,1.0,-0.015300297178328037,3.674258843064308,2.3716274201869965,0.005642259726300836,0.05810546875,97.10606598854065,1587.0481254815384,301.0,,
154624,0.0,500.0,1.0,-0.014402530388906598,0.9146163873374462,2.468348979949951,0.009016056836117059,0.09423828125,97.27200317382812,1589.6043563910373,302.0,,
155136,201.5,500.0,1.0,-0.011961544107180089,10.821202099323273,1.756163939833641,0.01579596463125199,0.1591796875,97.50334215164185,1591.0839216026575,303.0,,
155648,122.0,500.0,1.0,-0.013412179367151111,5.0258819460868835,2.111116975545883,0.0037501382175832987,0.08984375,97.68176317214966,1593.4192314454176,304.0,,
156160,199.5,500.0,1.0,-0.011204435781110078,9.82219809293747,2.080311082303524,0.00800214463379234,0.08740234375,97.84649705886841,1595.9692446225013,305.0,,
156672,38.5,500.0,1.0,-0.012229871063027531,1.3413519375026226,2.8799560219049454,0.011988626094534993,0.1640625,98.017098903656,1598.4149883276762,306.0,,
157184,9.0,500.0,1.0,-0.009529495204333216,2.167326621711254,2.8191980868577957,-0.0008107444737106562,0.1005859375,98.22170495986938,1600.298020322707,307.0,,
157696,119.5,500.0,1.0,-0.011920878081582487,3.0013383105397224,2.3783705085515976,0.013499064953066409,0.083984375,98.39371299743652,1602.704026466696,308.0,,
158208,4.5,500.0,1.0,-0.014375711209140718,6.554589152336121,2.2842747271060944,0.008859072695486248,0.083984375,98.5646300315857,1605.1194018513659,309.0,,
158720,196.0,500.0,1.0,-0.013187121716327965,7.918779790401459,2.047588251531124,0.013072802335955203,0.14111328125,98.72273087501526,1607.7351040961616,310.0,,
159232,122.0,500.0,1.0,-0.015352615679148585,2.912274122238159,2.1108138412237167,0.03610485646640882,0.28125,98.88232803344727,1610.3180736818742,311.0,,
159744,124.5,500.0,1.0,-0.013178694061934948,2.5463609397411346,2.368487700819969,0.01601998880505562,0.140625,99.0420389175415,1612.8908668065342,312.0,,
160256,130.5,500.0,1.0,-0.012397080776281655,8.476826190948486,2.162664622068405,0.008866970310918987,0.10302734375,99.19559693336487,1615.5555786175948,313.0,,
160768,97.5,500.0,1.0,-0.012444164138287306,2.8771621137857437,2.142742559313774,0.007542319886852056,0.064453125,99.34472990036011,1618.2841320445045,314.0,,
161280,118.5,500.0,1.0,-0.007525296532548964,2.3892446011304855,2.385407656431198,-0.001019494142383337,0.07177734375,99.50282001495361,1620.8585844678805,315.0,,
161792,0.0,500.0,1.0,-0.016185270040296018,1.3463476486504078,2.7351511120796204,0.007868776679970324,0.08642578125,99.66496586799622,1623.3588060852749,316.0,,
162304,104.5,500.0,1.0,-0.012856942237704061,5.205558478832245,2.1389589458703995,0.006731533212587237,0.15869140625,99.82230186462402,1625.9292459525905,317.0,,
162816,221.5,500.0,1.0,-0.008437923941528425,9.281735002994537,2.226556420326233,0.010930648422800004,0.1103515625,99.98135876655579,1628.463565694835,318.0,,
163328,44.0,500.0,1.0,-0.011546007124707103,2.6086330935359,2.515631854534149,0.007062181772198528,0.1064453125,100.1517481803894,1630.8052826578723,319.0,,
163840,89.5,500.0,1.0,-0.017244420829229057,2.1440544798970222,2.7102360129356384,0.006246227363590151,0.11669921875,100.31126093864441,1633.31612489861,320.0,,
164352,0.0,500.0,1.0,-0.01394802425056696,2.2994497790932655,2.9405895471572876,0.007708402234129608,0.11865234375,100.47087478637695,1635.817348554477,321.0,,
164864,139.5,500.0,1.0,-0.00846505956724286,8.662222117185593,2.495351016521454,0.008745929459109902,0.0625,100.62815690040588,1638.348600215046,322.0,,
165376,63.0,500.0,1.0,-0.014985935762524605,5.071566238999367,2.6725990623235703,0.0059995942283421755,0.10595703125,100.7908079624176,1640.7845451706728,323.0,,
165888,114.0,500.0,1.0,-0.013947398634627461,3.628718912601471,2.378679633140564,0.0015245025279000401,0.14111328125,100.95504689216614,1643.1867955763637,324.0,,
166400,121.0,500.0,1.0,-0.010875018546357751,2.398151248693466,2.307725802063942,0.012638782151043415,0.087890625,101.11500382423401,1645.6509292058126,325.0,24.483333333333334,500.0
166912,107.0,500.0,1.0,-0.017777826404199004,5.785435497760773,2.395593225955963,0.010450931265950203,0.166015625,105.10806202888489,1588.0037818043938,326.0,,
167424,117.0,500.0,1.0,-0.012882620678283274,2.5594724491238594,2.580323025584221,0.008098634658381343,0.1337890625,105.270761013031,1590.413125058299,327.0,,
167936,192.0,500.0,1.0,-0.010326813324354589,10.855885684490204,2.191033184528351,0.006774677778594196,0.064453125,105.42311096191406,1592.9713937266545,328.0,,
168448,112.0,500.0,1.0,-0.017153598833829165,3.7128838151693344,2.437882497906685,0.01017567003145814,0.14990234375,105.58621001243591,1595.3598484135405,329.0,,
168960,95.0,500.0,1.0,-0.01493923959787935,1.8929519057273865,2.8201150596141815,0.006159716285765171,0.13037109375,105.74390506744385,1597.8225874317457,330.0,,
169472,59.0,500.0,1.0,-0.016190600930713117,4.100467920303345,2.648856058716774,0.010562540963292122,0.04736328125,105.9005057811737,1600.2945288116614,331.0,,
169984,115.5,500.0,1.0,-0.01537548960186541,3.5322698280215263,2.4283407479524612,0.006387805857229978,0.11767578125,106.05965495109558,1602.7206582784013,332.0,,
170496,106.0,500.0,1.0,-0.018050754675641656,5.12457001209259,2.5917849391698837,0.001184615888632834,0.14111328125,106.22346806526184,1605.0690408192118,333.0,,
171008,108.0,500.0,1.0,-0.010185781633481383,3.017572708427906,2.8171834647655487,0.01312644628342241,0.09765625,106.38585090637207,1607.4318017205173,334.0,,
171520,80.5,500.0,1.0,-0.0170384980738163,3.64480496942997,2.69040547311306,0.01603799592703581,0.18994140625,106.54618000984192,1609.8183903370004,335.0,,
172032,106.5,500.0,1.0,-0.01665931986644864,2.5228856950998306,2.7575509399175644,0.0032583686988800764,0.14453125,106.7067358493805,1612.1943814571175,336.0,,
172544,164.5,500.0,1.0,-0.009971532505005598,8.691744357347488,2.4424818456172943,0.008141550002619624,0.0908203125,106.86627101898193,1614.5786538144685,337.0,,
173056,0.0,500.0,1.0,-0.01413119281642139,1.9870431125164032,3.1026854813098907,0.011187912779860198,0.09326171875,107.03257298469543,1616.8535911469235,338.0,,
173568,119.0,500.0,1.0,-0.010375660029239953,2.986274890601635,2.6682768017053604,0.003261743811890483,0.0634765625,107.19710898399353,1619.1481434999973,339.0,,
174080,73.0,500.0,1.0,-0.015801664208993316,2.9278719425201416,2.987922117114067,0.006645619636401534,0.09619140625,107.36226511001587,1621.426297420396,340.0,,
174592,104.0,500.0,1.0,-0.012002690200461075,3.6604187339544296,2.9424826353788376,0.010150547488592565,0.052734375,107.52217078208923,1623.776740462564,341.0,,
175104,53.0,500.0,1.0,-0.01720781857147813,4.145487934350967,2.8541552871465683,0.014038837281987071,0.1611328125,107.68364191055298,1626.0965629807497,342.0,,
175616,63.5,500.0,1.0,-0.017550832824781537,3.620864972472191,2.866711437702179,0.009404807235114276,0.115234375,107.84355187416077,1628.4330119701617,343.0,,
176128,0.0,500.0,1.0,-0.016606084420345724,4.182120904326439,2.8219909220933914,0.006704312865622342,0.1162109375,108.00732278823853,1630.7042472047967,344.0,,
176640,212.0,500.0,1.0,-0.01159434113651514,9.825426816940308,2.1583796441555023,0.004474965331610292,0.10595703125,108.16476583480835,1633.064137260451,345.0,,
177152,118.0,500.0,1.0,-0.010019044333603233,3.8410669416189194,2.709693595767021,0.002388455788604915,0.11279296875,108.32532405853271,1635.370136573765,346.0,,
177664,100.5,500.0,1.0,-0.009983148891478777,4.763968229293823,2.679862141609192,-0.0023257494904100895,0.04345703125,108.48903298377991,1637.621749532622,347.0,,
178176,105.5,500.0,1.0,-0.013615329517051578,3.8153630569577217,3.0062511563301086,0.006717351730912924,0.091796875,108.65553784370422,1639.8243802013812,348.0,,
178688,30.0,500.0,1.0,-0.016854772460646927,5.567312449216843,2.601917192339897,0.010584363481029868,0.11669921875,108.8161768913269,1642.1087847853087,349.0,,
179200,199.0,500.0,1.0,-0.007362728123553097,8.688332244753838,2.3727435767650604,-0.0006645084358751774,0.08154296875,108.98400688171387,1644.2779553379357,350.0,37.333333333333336,500.0
179712,133.0,500.0,1.0,-0.008438656921498477,9.797378152608871,2.3640312403440475,0.0073209842084906995,0.0390625,112.99989604949951,1590.373144425525,351.0,,
180224,0.0,500.0,1.0,-0.016079356719274074,1.461372472345829,3.208953633904457,0.009030664572492242,0.09326171875,113.17081189155579,1592.4954234020774,352.0,,
180736,101.5,500.0,1.0,-0.007715937215834856,4.747463971376419,2.8543228805065155,0.0034996098838746548,0.02734375,113.33961081504822,1594.6410853212801,353.0,,
181248,26.5,500.0,1.0,-0.014431206742301583,4.470562368631363,3.2176279574632645,0.005113924387842417,0.0791015625,113.51525497436523,1596.6840759942847,354.0,,
181760,80.5,500.0,1.0,-0.017084571300074458,4.553764924407005,2.7083077877759933,0.010033278143964708,0.166015625,113.69155693054199,1598.7115042416326,355.0,,
182272,195.5,500.0,1.0,-0.00982863234821707,10.206929981708527,2.0312952622771263,0.00835286476649344,0.13720703125,113.84729599952698,1601.0217757017024,356.0,,
182784,122.5,500.0,1.0,-0.016807484324090183,5.661464035511017,2.483393371105194,0.012590627535246313,0.1962890625,114.00822591781616,1603.2527348663548,357.0,,
183296,236.0,500.0,1.0,-0.009560851176502183,10.560532957315445,2.151047334074974,0.016685108828824013,0.1357421875,114.16225576400757,1605.5744411612136,358.0,,
183808,146.5,500.0,1.0,-0.008176128787454218,11.590885639190674,2.249195918440819,0.007547659333795309,0.0986328125,114.3178060054779,1607.8685064266563,359.0,,
184320,230.0,500.0,1.0,-0.015102094504982233,9.459521740674973,2.024503968656063,0.013565394270699471,0.20166015625,114.47674083709717,1610.108731714255,360.0,,
184832,192.0,500.0,1.0,-0.011521654785610735,9.650198727846146,2.306273266673088,0.013307649467606097,0.1376953125,114.63242602348328,1612.3884524797184,361.0,,
185344,0.0,500.0,1.0,-0.015099772019311786,2.4730411395430565,3.100799560546875,0.016572529333643615,0.1640625,114.79241895675659,1614.6013968903371,362.0,,
185856,122.5,500.0,1.0,-0.014235460315831006,3.758144475519657,2.711466982960701,0.013288756017573178,0.13134765625,114.95530700683594,1616.7674624099598,363.0,,
186368,108.0,500.0,1.0,-0.00973648694343865,6.250339865684509,2.567467749118805,0.00995337136555463,0.05615234375,115.11630201339722,1618.9540207633713,364.0,,
186880,186.5,500.0,1.0,-0.012359437416307628,7.931708246469498,2.005993403494358,0.004299407301004976,0.1259765625,115.28183197975159,1621.0706994387815,365.0,,
187392,110.0,500.0,1.0,-0.00575155857950449,5.730661064386368,2.319325879216194,0.0065867293160408735,0.09130859375,115.44438600540161,1623.2231508531906,366.0,,
187904,243.0,500.0,1.0,-0.006017264619003981,9.270562380552292,2.370112642645836,0.013278182887006551,0.052734375,115.60524106025696,1625.3934361164363,367.0,,
188416,42.5,500.0,1.0,-0.013583793479483575,5.308056890964508,3.0160671174526215,0.006439129821956158,0.10693359375,115.76565718650818,1627.5638611582883,368.0,,
188928,3.0,500.0,1.0,-0.015196575783193111,6.552171140909195,2.7940540462732315,0.002947849512565881,0.1689453125,115.9373939037323,1629.5691462314123,369.0,,
189440,213.0,500.0,1.0,-0.006745214224793017,9.54409146308899,2.0709661096334457,0.006464771809987724,0.06103515625,116.09556412696838,1631.759158281174,370.0,,
189952,140.0,500.0,1.0,-0.013813563389703631,10.247910842299461,2.6609050929546356,0.011482162401080132,0.20166015625,116.25792789459229,1633.8842730125382,371.0,,
190464,87.5,500.0,1.0,-0.008257677429355681,6.313586950302124,2.4166840463876724,0.004070987226441503,0.0634765625,116.43517398834229,1635.7943521351172,372.0,,
190976,205.0,500.0,1.0,-0.01587136957095936,10.181298658251762,2.397855684161186,0.02239937154809013,0.14892578125,116.60618281364441,1637.7862253257242,373.0,,
191488,73.5,500.0,1.0,-0.015152675565332174,7.471149176359177,2.446618840098381,0.012045636831317097,0.125,116.76235485076904,1639.9806277009047,374.0,,
192000,214.5,500.0,1.0,-0.016914526466280222,10.838690042495728,2.439558431506157,0.009642836404964328,0.14892578125,116.92430210113525,1642.088056543857,375.0,12.183333333333334,500.0
192512,60.0,500.0,1.0,-0.017049422953277826,4.000428035855293,2.845600724220276,0.014998101629316807,0.1435546875,121.18917202949524,1588.5247565941459,376.0,,
193024,112.0,500.0,1.0,-0.010046346462331712,4.371539309620857,2.587267279624939,0.0074925669468939304,0.0791015625,121.35967898368835,1590.5117879056343,377.0,,
193536,126.0,500.0,1.0,-0.011292835813947022,7.073102176189423,2.518171012401581,0.00042717065662145615,0.0283203125,121.53669500350952,1592.4079554278765,378.0,,
194048,116.0,500.0,1.0,-0.014010987244546413,2.9724202267825603,2.6434589624404907,0.006135513889603317,0.13623046875,121.70504808425903,1594.4120893461738,379.0,,
194560,89.5,500.0,1.0,-0.011144467978738248,5.608389168977737,2.748082473874092,0.018236454809084535,0.09228515625,121.87186884880066,1596.430758285813,380.0,,
195072,154.5,500.0,1.0,-0.009461316862143576,10.666812404990196,2.43247751891613,0.00777538341935724,0.1171875,122.03388285636902,1598.5068690274743,381.0,,
195584,114.5,500.0,1.0,-0.014634039136581123,4.9133100509643555,2.563710719347,-0.0023913015611469746,0.12060546875,122.20890688896179,1600.4070814388867,382.0,,
196096,174.0,500.0,1.0,-0.012199961696751416,9.270308315753937,2.170813262462616,0.003412875405047089,0.09423828125,122.41749095916748,1601.8625971137417,383.0,,
196608,135.5,500.0,1.0,-0.01153484740643762,14.949743747711182,2.313933238387108,-0.00015768816228955984,0.091796875,122.61045289039612,1603.5174437839466,384.0,,
197120,128.0,500.0,1.0,-0.02165193360997364,5.915732100605965,2.3797519356012344,0.03176559315761551,0.32568359375,122.78854894638062,1605.3614257309816,385.0,,
197632,190.5,500.0,1.0,-0.007210676092654467,12.495486229658127,2.3197186440229416,0.0034960393677465618,0.06591796875,122.96795296669006,1607.1829711074004,386.0,,
198144,92.0,500.0,1.0,-0.015762937953695655,7.088848263025284,2.521971583366394,0.0015949708176776767,0.138671875,123.16603589057922,1608.7551942974867,387.0,,
198656,216.0,500.0,1.0,-0.008092566626146436,10.695162564516068,2.1191198974847794,0.012995158496778458,0.09423828125,123.38257002830505,1610.0815532893062,388.0,,
199168,84.0,500.0,1.0,-0.010928496834821999,6.906127542257309,2.531807452440262,0.004329398740082979,0.08984375,123.58150815963745,1611.6327027076177,389.0,,
199680,145.5,500.0,1.0,-0.014078455395065248,10.143184334039688,2.348188042640686,0.008232599240727723,0.12451171875,123.7801558971405,1613.1826507467897,390.0,,
200192,93.0,500.0,1.0,-0.006196890724822879,6.078545764088631,2.320994883775711,0.0034486984368413687,0.013671875,123.93793201446533,1615.260128566892,391.0,,
200704,232.0,500.0,1.0,-0.0072612103540450335,10.096710413694382,1.9371646046638489,0.0024809231399558485,0.0478515625,124.11245799064636,1617.1140532493998,392.0,,
201216,98.5,500.0,1.0,-0.017931519076228142,7.442234188318253,2.422692656517029,0.01016802282538265,0.15966796875,124.26928782463074,1619.1933141514155,393.0,,
201728,116.5,500.0,1.0,-0.008183426689356565,4.041632905602455,2.4212958216667175,-8.762505603954196e-05,0.0517578125,124.48439693450928,1620.5083124283299,394.0,,
202240,119.0,500.0,1.0,-0.014341290341690183,6.526309862732887,2.7102381587028503,0.009981243987567723,0.1044921875,124.64726710319519,1622.4984686793491,395.0,,
202752,63.5,500.0,1.0,-0.012875569344032556,7.103897243738174,2.4904965609312057,0.007647185411769897,0.09375,124.8265950679779,1624.2692503915978,396.0,,
203264,192.5,500.0,1.0,-0.01266388560179621,11.78576511144638,2.3711658269166946,0.004401322221383452,0.08740234375,124.98796796798706,1626.268538520937,397.0,,
203776,122.0,500.0,1.0,-0.01460953475907445,8.731725513935089,2.1357445418834686,0.010398048034403473,0.1044921875,125.14156103134155,1628.3638970187094,398.0,,
204288,213.5,500.0,1.0,-0.012706519803032279,12.946748167276382,2.1281430423259735,0.010796798509545624,0.07861328125,125.29611897468567,1630.4415625297504,399.0,,
204800,198.5,500.0,1.0,-0.01390858890954405,10.031129479408264,2.0429723113775253,0.006145760649815202,0.06005859375,125.4490430355072,1632.5353708918547,400.0,45.65,500.0
